TEMP,TEMP_QC,PSAL,PSAL_QC,TIME,DEPTH,LAT,LON,X,Y,DAY,year_month,TEMP_MOD,SALT_MOD
-0.192,1,34.905,1,2023-06-01 00:00:00,800,66.015,1.983,406,340,2023-06-01,2023-06,1.065,34.904
-0.185,1,34.904,1,2023-06-01 01:00:00,800,66.015,1.983,406,340,2023-06-01,2023-06,1.058,34.904
-0.186,1,34.906,1,2023-06-01 02:00:00,800,66.015,1.983,406,340,2023-06-01,2023-06,1.061,34.904
-0.206,1,34.908,1,2023-06-01 03:00:00,800,66.015,1.983,406,340,2023-06-01,2023-06,1.077,34.904
-0.181,1,34.902,1,2023-06-01 04:00:00,800,66.015,1.983,406,340,2023-06-01,2023-06,1.111,34.904
-0.181,1,34.907,1,2023-06-01 05:00:00,800,66.015,1.983,406,340,2023-06-01,2023-06,1.170,34.903
-0.186,1,34.906,1,2023-06-01 06:00:00,800,66.015,1.983,406,340,2023-06-01,2023-06,1.217,34.903
-0.188,1,34.906,1,2023-06-01 07:00:00,800,66.015,1.983,406,340,2023-06-01,2023-06,1.231,34.903
-0.184,1,34.906,1,2023-06-01 08:00:00,800,66.015,1.983,406,340,2023-06-01,2023-06,1.234,34.903
-0.193,1,34.907,1,2023-06-01 09:00:00,800,66.015,1.983,406,340,2023-06-01,2023-06,1.221,34.903
-0.192,1,34.905,1,2023-06-01 10:00:00,800,66.015,1.983,406,340,2023-06-01,2023-06,1.203,34.903
-0.210,1,34.908,1,2023-06-01 11:00:00,800,66.015,1.983,406,340,2023-06-01,2023-06,1.189,34.903
-0.205,1,34.906,1,2023-06-01 12:00:00,800,66.015,1.983,406,340,2023-06-01,2023-06,1.188,34.903
-0.211,1,34.908,1,2023-06-01 13:00:00,800,66.015,1.983,406,340,2023-06-01,2023-06,1.201,34.903
-0.229,1,34.906,1,2023-06-01 14:00:00,800,66.015,1.983,406,340,2023-06-01,2023-06,1.223,34.903
-0.220,1,34.906,1,2023-06-01 15:00:00,800,66.015,1.983,406,340,2023-06-01,2023-06,1.250,34.903
-0.196,1,34.902,1,2023-06-01 16:00:00,800,66.015,1.983,406,340,2023-06-01,2023-06,1.279,34.903
-0.192,1,34.907,1,2023-06-01 17:00:00,800,66.015,1.983,406,340,2023-06-01,2023-06,1.310,34.903
-0.183,1,34.903,1,2023-06-01 18:00:00,800,66.015,1.983,406,340,2023-06-01,2023-06,1.337,34.902
-0.180,1,34.906,1,2023-06-01 19:00:00,800,66.015,1.983,406,340,2023-06-01,2023-06,1.355,34.902
-0.185,1,34.904,1,2023-06-01 20:00:00,800,66.015,1.983,406,340,2023-06-01,2023-06,1.359,34.902
-0.208,1,34.907,1,2023-06-01 21:00:00,800,66.015,1.983,406,340,2023-06-01,2023-06,1.351,34.902
-0.212,1,34.908,1,2023-06-01 22:00:00,800,66.015,1.983,406,340,2023-06-01,2023-06,1.333,34.902
-0.234,1,34.907,1,2023-06-01 23:00:00,800,66.015,1.983,406,340,2023-06-01,2023-06,1.310,34.902
-0.235,1,34.907,1,2023-06-02 00:00:00,800,66.015,1.983,406,340,2023-06-02,2023-06,1.254,34.903
-0.226,1,34.906,1,2023-06-02 01:00:00,800,66.015,1.983,406,340,2023-06-02,2023-06,1.252,34.903
-0.213,1,34.908,1,2023-06-02 02:00:00,800,66.015,1.983,406,340,2023-06-02,2023-06,1.257,34.903
-0.231,1,34.909,1,2023-06-02 03:00:00,800,66.015,1.983,406,340,2023-06-02,2023-06,1.261,34.903
-0.219,1,34.907,1,2023-06-02 04:00:00,800,66.015,1.983,406,340,2023-06-02,2023-06,1.271,34.903
-0.220,1,34.906,1,2023-06-02 05:00:00,800,66.015,1.983,406,340,2023-06-02,2023-06,1.300,34.903
-0.214,1,34.906,1,2023-06-02 06:00:00,800,66.015,1.983,406,340,2023-06-02,2023-06,1.332,34.902
-0.225,1,34.909,1,2023-06-02 07:00:00,800,66.015,1.983,406,340,2023-06-02,2023-06,1.347,34.902
-0.238,1,34.905,1,2023-06-02 08:00:00,800,66.015,1.983,406,340,2023-06-02,2023-06,1.355,34.902
-0.230,1,34.906,1,2023-06-02 09:00:00,800,66.015,1.983,406,340,2023-06-02,2023-06,1.347,34.902
-0.237,1,34.906,1,2023-06-02 10:00:00,800,66.015,1.983,406,340,2023-06-02,2023-06,1.319,34.902
-0.240,1,34.906,1,2023-06-02 11:00:00,800,66.015,1.983,406,340,2023-06-02,2023-06,1.272,34.903
-0.234,1,34.909,1,2023-06-02 12:00:00,800,66.015,1.983,406,340,2023-06-02,2023-06,1.223,34.903
-0.253,1,34.910,1,2023-06-02 13:00:00,800,66.015,1.983,406,340,2023-06-02,2023-06,1.193,34.903
-0.248,1,34.906,1,2023-06-02 14:00:00,800,66.015,1.983,406,340,2023-06-02,2023-06,1.189,34.903
-0.248,1,34.907,1,2023-06-02 15:00:00,800,66.015,1.983,406,340,2023-06-02,2023-06,1.206,34.903
-0.234,1,34.904,1,2023-06-02 16:00:00,800,66.015,1.983,406,340,2023-06-02,2023-06,1.237,34.903
-0.237,1,34.907,1,2023-06-02 17:00:00,800,66.015,1.983,406,340,2023-06-02,2023-06,1.269,34.903
-0.233,1,34.905,1,2023-06-02 18:00:00,800,66.015,1.983,406,340,2023-06-02,2023-06,1.293,34.902
-0.228,1,34.908,1,2023-06-02 19:00:00,800,66.015,1.983,406,340,2023-06-02,2023-06,1.302,34.902
-0.229,1,34.904,1,2023-06-02 20:00:00,800,66.015,1.983,406,340,2023-06-02,2023-06,1.298,34.902
-0.226,1,34.909,1,2023-06-02 21:00:00,800,66.015,1.983,406,340,2023-06-02,2023-06,1.279,34.903
-0.241,1,34.907,1,2023-06-02 22:00:00,800,66.015,1.983,406,340,2023-06-02,2023-06,1.243,34.903
-0.240,1,34.908,1,2023-06-02 23:00:00,800,66.015,1.983,406,340,2023-06-02,2023-06,1.196,34.903
-0.260,1,34.907,1,2023-06-03 00:00:00,800,66.015,1.983,406,340,2023-06-03,2023-06,1.100,34.904
-0.253,1,34.906,1,2023-06-03 01:00:00,800,66.015,1.983,406,340,2023-06-03,2023-06,1.066,34.904
-0.251,1,34.908,1,2023-06-03 02:00:00,800,66.015,1.983,406,340,2023-06-03,2023-06,1.050,34.904
-0.278,1,34.908,1,2023-06-03 03:00:00,800,66.015,1.983,406,340,2023-06-03,2023-06,1.049,34.904
-0.266,1,34.907,1,2023-06-03 04:00:00,800,66.015,1.983,406,340,2023-06-03,2023-06,1.066,34.904
-0.268,1,34.909,1,2023-06-03 05:00:00,800,66.015,1.983,406,340,2023-06-03,2023-06,1.107,34.904
-0.260,1,34.906,1,2023-06-03 06:00:00,800,66.015,1.983,406,340,2023-06-03,2023-06,1.153,34.903
-0.256,1,34.909,1,2023-06-03 07:00:00,800,66.015,1.983,406,340,2023-06-03,2023-06,1.187,34.903
-0.235,1,34.907,1,2023-06-03 08:00:00,800,66.015,1.983,406,340,2023-06-03,2023-06,1.218,34.903
-0.241,1,34.910,1,2023-06-03 09:00:00,800,66.015,1.983,406,340,2023-06-03,2023-06,1.226,34.903
-0.254,1,34.906,1,2023-06-03 10:00:00,800,66.015,1.983,406,340,2023-06-03,2023-06,1.206,34.903
-0.257,1,34.911,1,2023-06-03 11:00:00,800,66.015,1.983,406,340,2023-06-03,2023-06,1.167,34.903
-0.260,1,34.906,1,2023-06-03 12:00:00,800,66.015,1.983,406,340,2023-06-03,2023-06,1.124,34.904
-0.288,1,34.908,1,2023-06-03 13:00:00,800,66.015,1.983,406,340,2023-06-03,2023-06,1.091,34.904
-0.301,1,34.908,1,2023-06-03 14:00:00,800,66.015,1.983,406,340,2023-06-03,2023-06,1.072,34.904
-0.297,1,34.908,1,2023-06-03 15:00:00,800,66.015,1.983,406,340,2023-06-03,2023-06,1.074,34.904
-0.282,1,34.907,1,2023-06-03 16:00:00,800,66.015,1.983,406,340,2023-06-03,2023-06,1.095,34.904
-0.279,1,34.907,1,2023-06-03 17:00:00,800,66.015,1.983,406,340,2023-06-03,2023-06,1.126,34.904
-0.265,1,34.902,1,2023-06-03 18:00:00,800,66.015,1.983,406,340,2023-06-03,2023-06,1.162,34.903
-0.240,1,34.904,1,2023-06-03 19:00:00,800,66.015,1.983,406,340,2023-06-03,2023-06,1.196,34.903
-0.245,1,34.907,1,2023-06-03 20:00:00,800,66.015,1.983,406,340,2023-06-03,2023-06,1.224,34.903
-0.236,1,34.907,1,2023-06-03 21:00:00,800,66.015,1.983,406,340,2023-06-03,2023-06,1.241,34.903
-0.271,1,34.908,1,2023-06-03 22:00:00,800,66.015,1.983,406,340,2023-06-03,2023-06,1.241,34.903
-0.273,1,34.905,1,2023-06-03 23:00:00,800,66.015,1.983,406,340,2023-06-03,2023-06,1.225,34.903
-0.281,1,34.907,1,2023-06-04 00:00:00,800,66.015,1.983,406,340,2023-06-04,2023-06,1.164,34.903
-0.296,1,34.907,1,2023-06-04 01:00:00,800,66.015,1.983,406,340,2023-06-04,2023-06,1.142,34.903
-0.293,1,34.907,1,2023-06-04 02:00:00,800,66.015,1.983,406,340,2023-06-04,2023-06,1.131,34.903
-0.279,1,34.908,1,2023-06-04 03:00:00,800,66.015,1.983,406,340,2023-06-04,2023-06,1.130,34.904
-0.276,1,34.907,1,2023-06-04 04:00:00,800,66.015,1.983,406,340,2023-06-04,2023-06,1.136,34.903
-0.279,1,34.908,1,2023-06-04 05:00:00,800,66.015,1.983,406,340,2023-06-04,2023-06,1.158,34.903
-0.272,1,34.906,1,2023-06-04 06:00:00,800,66.015,1.983,406,340,2023-06-04,2023-06,1.179,34.903
-0.251,1,34.907,1,2023-06-04 07:00:00,800,66.015,1.983,406,340,2023-06-04,2023-06,1.191,34.903
-0.253,1,34.907,1,2023-06-04 08:00:00,800,66.015,1.983,406,340,2023-06-04,2023-06,1.218,34.903
-0.255,1,34.908,1,2023-06-04 09:00:00,800,66.015,1.983,406,340,2023-06-04,2023-06,1.251,34.903
-0.260,1,34.907,1,2023-06-04 10:00:00,800,66.015,1.983,406,340,2023-06-04,2023-06,1.275,34.903
-0.281,1,34.909,1,2023-06-04 11:00:00,800,66.015,1.983,406,340,2023-06-04,2023-06,1.276,34.902
-0.277,1,34.906,1,2023-06-04 12:00:00,800,66.015,1.983,406,340,2023-06-04,2023-06,1.252,34.903
-0.285,1,34.906,1,2023-06-04 13:00:00,800,66.015,1.983,406,340,2023-06-04,2023-06,1.218,34.903
-0.282,1,34.907,1,2023-06-04 14:00:00,800,66.015,1.983,406,340,2023-06-04,2023-06,1.187,34.903
-0.273,1,34.907,1,2023-06-04 15:00:00,800,66.015,1.983,406,340,2023-06-04,2023-06,1.171,34.903
-0.267,1,34.908,1,2023-06-04 16:00:00,800,66.015,1.983,406,340,2023-06-04,2023-06,1.169,34.903
-0.268,1,34.907,1,2023-06-04 17:00:00,800,66.015,1.983,406,340,2023-06-04,2023-06,1.183,34.903
-0.267,1,34.908,1,2023-06-04 18:00:00,800,66.015,1.983,406,340,2023-06-04,2023-06,1.204,34.903
-0.259,1,34.907,1,2023-06-04 19:00:00,800,66.015,1.983,406,340,2023-06-04,2023-06,1.227,34.903
-0.272,1,34.911,1,2023-06-04 20:00:00,800,66.015,1.983,406,340,2023-06-04,2023-06,1.248,34.903
-0.259,1,34.906,1,2023-06-04 21:00:00,800,66.015,1.983,406,340,2023-06-04,2023-06,1.258,34.903
-0.249,1,34.908,1,2023-06-04 22:00:00,800,66.015,1.983,406,340,2023-06-04,2023-06,1.251,34.903
-0.280,1,34.907,1,2023-06-04 23:00:00,800,66.015,1.983,406,340,2023-06-04,2023-06,1.229,34.903
-0.273,1,34.907,1,2023-06-05 00:00:00,800,66.015,1.983,406,340,2023-06-05,2023-06,1.138,34.903
-0.267,1,34.907,1,2023-06-05 01:00:00,800,66.015,1.983,406,340,2023-06-05,2023-06,1.089,34.904
-0.280,1,34.911,1,2023-06-05 02:00:00,800,66.015,1.983,406,340,2023-06-05,2023-06,1.049,34.904
-0.281,1,34.906,1,2023-06-05 03:00:00,800,66.015,1.983,406,340,2023-06-05,2023-06,1.024,34.904
-0.262,1,34.907,1,2023-06-05 04:00:00,800,66.015,1.983,406,340,2023-06-05,2023-06,1.020,34.904
-0.248,1,34.906,1,2023-06-05 05:00:00,800,66.015,1.983,406,340,2023-06-05,2023-06,1.049,34.904
-0.238,1,34.906,1,2023-06-05 06:00:00,800,66.015,1.983,406,340,2023-06-05,2023-06,1.083,34.904
-0.229,1,34.907,1,2023-06-05 07:00:00,800,66.015,1.983,406,340,2023-06-05,2023-06,1.108,34.904
-0.255,1,34.909,1,2023-06-05 08:00:00,800,66.015,1.983,406,340,2023-06-05,2023-06,1.133,34.903
-0.262,1,34.907,1,2023-06-05 09:00:00,800,66.015,1.983,406,340,2023-06-05,2023-06,1.148,34.903
-0.265,1,34.909,1,2023-06-05 10:00:00,800,66.015,1.983,406,340,2023-06-05,2023-06,1.152,34.903
-0.267,1,34.907,1,2023-06-05 11:00:00,800,66.015,1.983,406,340,2023-06-05,2023-06,1.145,34.903
-0.274,1,34.907,1,2023-06-05 12:00:00,800,66.015,1.983,406,340,2023-06-05,2023-06,1.125,34.903
-0.259,1,34.908,1,2023-06-05 13:00:00,800,66.015,1.983,406,340,2023-06-05,2023-06,1.098,34.904
-0.253,1,34.907,1,2023-06-05 14:00:00,800,66.015,1.983,406,340,2023-06-05,2023-06,1.071,34.904
-0.258,1,34.908,1,2023-06-05 15:00:00,800,66.015,1.983,406,340,2023-06-05,2023-06,1.056,34.904
-0.261,1,34.907,1,2023-06-05 16:00:00,800,66.015,1.983,406,340,2023-06-05,2023-06,1.054,34.904
-0.265,1,34.905,1,2023-06-05 17:00:00,800,66.015,1.983,406,340,2023-06-05,2023-06,1.066,34.904
-0.250,1,34.906,1,2023-06-05 18:00:00,800,66.015,1.983,406,340,2023-06-05,2023-06,1.083,34.904
-0.240,1,34.908,1,2023-06-05 19:00:00,800,66.015,1.983,406,340,2023-06-05,2023-06,1.099,34.904
-0.230,1,34.907,1,2023-06-05 20:00:00,800,66.015,1.983,406,340,2023-06-05,2023-06,1.116,34.904
-0.233,1,34.907,1,2023-06-05 21:00:00,800,66.015,1.983,406,340,2023-06-05,2023-06,1.135,34.903
-0.214,1,34.906,1,2023-06-05 22:00:00,800,66.015,1.983,406,340,2023-06-05,2023-06,1.150,34.903
-0.240,1,34.906,1,2023-06-05 23:00:00,800,66.015,1.983,406,340,2023-06-05,2023-06,1.161,34.903
-0.235,1,34.906,1,2023-06-06 00:00:00,800,66.015,1.983,406,340,2023-06-06,2023-06,1.133,34.903
-0.257,1,34.912,1,2023-06-06 01:00:00,800,66.015,1.983,406,340,2023-06-06,2023-06,1.117,34.903
-0.256,1,34.905,1,2023-06-06 02:00:00,800,66.015,1.983,406,340,2023-06-06,2023-06,1.094,34.904
-0.262,1,34.908,1,2023-06-06 03:00:00,800,66.015,1.983,406,340,2023-06-06,2023-06,1.073,34.904
-0.263,1,34.907,1,2023-06-06 04:00:00,800,66.015,1.983,406,340,2023-06-06,2023-06,1.065,34.904
-0.264,1,34.908,1,2023-06-06 05:00:00,800,66.015,1.983,406,340,2023-06-06,2023-06,1.078,34.904
-0.247,1,34.907,1,2023-06-06 06:00:00,800,66.015,1.983,406,340,2023-06-06,2023-06,1.097,34.904
-0.241,1,34.907,1,2023-06-06 07:00:00,800,66.015,1.983,406,340,2023-06-06,2023-06,1.112,34.904
-0.225,1,34.904,1,2023-06-06 08:00:00,800,66.015,1.983,406,340,2023-06-06,2023-06,1.139,34.903
-0.243,1,34.907,1,2023-06-06 09:00:00,800,66.015,1.983,406,340,2023-06-06,2023-06,1.166,34.903
-0.244,1,34.907,1,2023-06-06 10:00:00,800,66.015,1.983,406,340,2023-06-06,2023-06,1.193,34.903
-0.243,1,34.907,1,2023-06-06 11:00:00,800,66.015,1.983,406,340,2023-06-06,2023-06,1.218,34.903
-0.249,1,34.907,1,2023-06-06 12:00:00,800,66.015,1.983,406,340,2023-06-06,2023-06,1.235,34.903
-0.241,1,34.907,1,2023-06-06 13:00:00,800,66.015,1.983,406,340,2023-06-06,2023-06,1.238,34.903
-0.257,1,34.907,1,2023-06-06 14:00:00,800,66.015,1.983,406,340,2023-06-06,2023-06,1.231,34.903
-0.268,1,34.907,1,2023-06-06 15:00:00,800,66.015,1.983,406,340,2023-06-06,2023-06,1.220,34.903
-0.272,1,34.908,1,2023-06-06 16:00:00,800,66.015,1.983,406,340,2023-06-06,2023-06,1.211,34.903
-0.264,1,34.909,1,2023-06-06 17:00:00,800,66.015,1.983,406,340,2023-06-06,2023-06,1.206,34.903
-0.247,1,34.906,1,2023-06-06 18:00:00,800,66.015,1.983,406,340,2023-06-06,2023-06,1.210,34.903
-0.244,1,34.906,1,2023-06-06 19:00:00,800,66.015,1.983,406,340,2023-06-06,2023-06,1.221,34.903
-0.240,1,34.907,1,2023-06-06 20:00:00,800,66.015,1.983,406,340,2023-06-06,2023-06,1.233,34.903
-0.238,1,34.906,1,2023-06-06 21:00:00,800,66.015,1.983,406,340,2023-06-06,2023-06,1.249,34.903
-0.227,1,34.909,1,2023-06-06 22:00:00,800,66.015,1.983,406,340,2023-06-06,2023-06,1.261,34.903
-0.257,1,34.907,1,2023-06-06 23:00:00,800,66.015,1.983,406,340,2023-06-06,2023-06,1.271,34.903
-0.265,1,34.906,1,2023-06-07 00:00:00,800,66.015,1.983,406,340,2023-06-07,2023-06,1.252,34.903
-0.265,1,34.907,1,2023-06-07 01:00:00,800,66.015,1.983,406,340,2023-06-07,2023-06,1.239,34.903
-0.240,1,34.906,1,2023-06-07 02:00:00,800,66.015,1.983,406,340,2023-06-07,2023-06,1.218,34.903
-0.243,1,34.908,1,2023-06-07 03:00:00,800,66.015,1.983,406,340,2023-06-07,2023-06,1.193,34.903
-0.261,1,34.907,1,2023-06-07 04:00:00,800,66.015,1.983,406,340,2023-06-07,2023-06,1.174,34.903
-0.251,1,34.906,1,2023-06-07 05:00:00,800,66.015,1.983,406,340,2023-06-07,2023-06,1.176,34.903
-0.258,1,34.905,1,2023-06-07 06:00:00,800,66.015,1.983,406,340,2023-06-07,2023-06,1.185,34.903
-0.246,1,34.907,1,2023-06-07 07:00:00,800,66.015,1.983,406,340,2023-06-07,2023-06,1.194,34.903
-0.238,1,34.907,1,2023-06-07 08:00:00,800,66.015,1.983,406,340,2023-06-07,2023-06,1.211,34.903
-0.244,1,34.906,1,2023-06-07 09:00:00,800,66.015,1.983,406,340,2023-06-07,2023-06,1.230,34.903
-0.245,1,34.907,1,2023-06-07 10:00:00,800,66.015,1.983,406,340,2023-06-07,2023-06,1.241,34.903
-0.256,1,34.910,1,2023-06-07 11:00:00,800,66.015,1.983,406,340,2023-06-07,2023-06,1.242,34.903
-0.247,1,34.907,1,2023-06-07 12:00:00,800,66.015,1.983,406,340,2023-06-07,2023-06,1.232,34.903
-0.247,1,34.908,1,2023-06-07 13:00:00,800,66.015,1.983,406,340,2023-06-07,2023-06,1.216,34.903
-0.227,1,34.906,1,2023-06-07 14:00:00,800,66.015,1.983,406,340,2023-06-07,2023-06,1.197,34.903
-0.221,1,34.903,1,2023-06-07 15:00:00,800,66.015,1.983,406,340,2023-06-07,2023-06,1.178,34.903
-0.215,1,34.907,1,2023-06-07 16:00:00,800,66.015,1.983,406,340,2023-06-07,2023-06,1.160,34.903
-0.223,1,34.907,1,2023-06-07 17:00:00,800,66.015,1.983,406,340,2023-06-07,2023-06,1.149,34.903
-0.237,1,34.910,1,2023-06-07 18:00:00,800,66.015,1.983,406,340,2023-06-07,2023-06,1.146,34.903
-0.250,1,34.907,1,2023-06-07 19:00:00,800,66.015,1.983,406,340,2023-06-07,2023-06,1.153,34.903
-0.232,1,34.905,1,2023-06-07 20:00:00,800,66.015,1.983,406,340,2023-06-07,2023-06,1.166,34.903
-0.238,1,34.907,1,2023-06-07 21:00:00,800,66.015,1.983,406,340,2023-06-07,2023-06,1.177,34.903
-0.220,1,34.908,1,2023-06-07 22:00:00,800,66.015,1.983,406,340,2023-06-07,2023-06,1.186,34.903
-0.221,1,34.906,1,2023-06-07 23:00:00,800,66.015,1.983,406,340,2023-06-07,2023-06,1.192,34.903
-0.198,1,34.906,1,2023-06-08 00:00:00,800,66.015,1.983,406,340,2023-06-08,2023-06,1.156,34.903
-0.209,1,34.907,1,2023-06-08 01:00:00,800,66.015,1.983,406,340,2023-06-08,2023-06,1.152,34.903
-0.229,1,34.908,1,2023-06-08 02:00:00,800,66.015,1.983,406,340,2023-06-08,2023-06,1.141,34.904
-0.217,1,34.906,1,2023-06-08 03:00:00,800,66.015,1.983,406,340,2023-06-08,2023-06,1.121,34.904
-0.202,1,34.906,1,2023-06-08 04:00:00,800,66.015,1.983,406,340,2023-06-08,2023-06,1.098,34.904
-0.199,1,34.906,1,2023-06-08 05:00:00,800,66.015,1.983,406,340,2023-06-08,2023-06,1.089,34.904
-0.214,1,34.905,1,2023-06-08 06:00:00,800,66.015,1.983,406,340,2023-06-08,2023-06,1.083,34.904
-0.209,1,34.906,1,2023-06-08 07:00:00,800,66.015,1.983,406,340,2023-06-08,2023-06,1.081,34.904
-0.194,1,34.906,1,2023-06-08 08:00:00,800,66.015,1.983,406,340,2023-06-08,2023-06,1.099,34.904
-0.190,1,34.904,1,2023-06-08 09:00:00,800,66.015,1.983,406,340,2023-06-08,2023-06,1.127,34.904
-0.185,1,34.905,1,2023-06-08 10:00:00,800,66.015,1.983,406,340,2023-06-08,2023-06,1.155,34.904
-0.192,1,34.906,1,2023-06-08 11:00:00,800,66.015,1.983,406,340,2023-06-08,2023-06,1.180,34.903
-0.203,1,34.905,1,2023-06-08 12:00:00,800,66.015,1.983,406,340,2023-06-08,2023-06,1.199,34.903
-0.206,1,34.904,1,2023-06-08 13:00:00,800,66.015,1.983,406,340,2023-06-08,2023-06,1.208,34.903
-0.198,1,34.906,1,2023-06-08 14:00:00,800,66.015,1.983,406,340,2023-06-08,2023-06,1.209,34.903
-0.195,1,34.905,1,2023-06-08 15:00:00,800,66.015,1.983,406,340,2023-06-08,2023-06,1.201,34.903
-0.204,1,34.905,1,2023-06-08 16:00:00,800,66.015,1.983,406,340,2023-06-08,2023-06,1.188,34.903
-0.184,1,34.905,1,2023-06-08 17:00:00,800,66.015,1.983,406,340,2023-06-08,2023-06,1.173,34.903
-0.183,1,34.910,1,2023-06-08 18:00:00,800,66.015,1.983,406,340,2023-06-08,2023-06,1.164,34.903
-0.195,1,34.904,1,2023-06-08 19:00:00,800,66.015,1.983,406,340,2023-06-08,2023-06,1.163,34.903
-0.185,1,34.905,1,2023-06-08 20:00:00,800,66.015,1.983,406,340,2023-06-08,2023-06,1.170,34.903
-0.195,1,34.907,1,2023-06-08 21:00:00,800,66.015,1.983,406,340,2023-06-08,2023-06,1.186,34.903
-0.198,1,34.907,1,2023-06-08 22:00:00,800,66.015,1.983,406,340,2023-06-08,2023-06,1.209,34.903
-0.196,1,34.905,1,2023-06-08 23:00:00,800,66.015,1.983,406,340,2023-06-08,2023-06,1.236,34.903
-0.193,1,34.905,1,2023-06-09 00:00:00,800,66.015,1.983,406,340,2023-06-09,2023-06,1.221,34.903
-0.188,1,34.906,1,2023-06-09 01:00:00,800,66.015,1.983,406,340,2023-06-09,2023-06,1.234,34.903
-0.184,1,34.905,1,2023-06-09 02:00:00,800,66.015,1.983,406,340,2023-06-09,2023-06,1.236,34.903
-0.161,1,34.903,1,2023-06-09 03:00:00,800,66.015,1.983,406,340,2023-06-09,2023-06,1.229,34.903
-0.163,1,34.903,1,2023-06-09 04:00:00,800,66.015,1.983,406,340,2023-06-09,2023-06,1.217,34.903
-0.154,1,34.905,1,2023-06-09 05:00:00,800,66.015,1.983,406,340,2023-06-09,2023-06,1.212,34.903
-0.158,1,34.904,1,2023-06-09 06:00:00,800,66.015,1.983,406,340,2023-06-09,2023-06,1.207,34.903
-0.139,1,34.904,1,2023-06-09 07:00:00,800,66.015,1.983,406,340,2023-06-09,2023-06,1.200,34.903
-0.158,1,34.906,1,2023-06-09 08:00:00,800,66.015,1.983,406,340,2023-06-09,2023-06,1.212,34.903
-0.160,1,34.906,1,2023-06-09 09:00:00,800,66.015,1.983,406,340,2023-06-09,2023-06,1.234,34.903
-0.159,1,34.905,1,2023-06-09 10:00:00,800,66.015,1.983,406,340,2023-06-09,2023-06,1.257,34.903
-0.154,1,34.906,1,2023-06-09 11:00:00,800,66.015,1.983,406,340,2023-06-09,2023-06,1.283,34.903
-0.132,1,34.904,1,2023-06-09 12:00:00,800,66.015,1.983,406,340,2023-06-09,2023-06,1.305,34.903
-0.136,1,34.905,1,2023-06-09 13:00:00,800,66.015,1.983,406,340,2023-06-09,2023-06,1.318,34.902
-0.124,1,34.905,1,2023-06-09 14:00:00,800,66.015,1.983,406,340,2023-06-09,2023-06,1.316,34.902
-0.125,1,34.906,1,2023-06-09 15:00:00,800,66.015,1.983,406,340,2023-06-09,2023-06,1.305,34.903
-0.091,1,34.904,1,2023-06-09 16:00:00,800,66.015,1.983,406,340,2023-06-09,2023-06,1.286,34.903
-0.088,1,34.902,1,2023-06-09 17:00:00,800,66.015,1.983,406,340,2023-06-09,2023-06,1.263,34.903
-0.079,1,34.904,1,2023-06-09 18:00:00,800,66.015,1.983,406,340,2023-06-09,2023-06,1.242,34.903
-0.110,1,34.903,1,2023-06-09 19:00:00,800,66.015,1.983,406,340,2023-06-09,2023-06,1.228,34.903
-0.120,1,34.906,1,2023-06-09 20:00:00,800,66.015,1.983,406,340,2023-06-09,2023-06,1.227,34.903
-0.118,1,34.903,1,2023-06-09 21:00:00,800,66.015,1.983,406,340,2023-06-09,2023-06,1.238,34.903
-0.095,1,34.902,1,2023-06-09 22:00:00,800,66.015,1.983,406,340,2023-06-09,2023-06,1.255,34.903
-0.115,1,34.903,1,2023-06-09 23:00:00,800,66.015,1.983,406,340,2023-06-09,2023-06,1.273,34.903
-0.113,1,34.906,1,2023-06-10 00:00:00,800,66.015,1.983,406,340,2023-06-10,2023-06,1.266,34.903
-0.112,1,34.904,1,2023-06-10 01:00:00,800,66.015,1.983,406,340,2023-06-10,2023-06,1.267,34.903
-0.113,1,34.901,1,2023-06-10 02:00:00,800,66.015,1.983,406,340,2023-06-10,2023-06,1.258,34.903
-0.094,1,34.904,1,2023-06-10 03:00:00,800,66.015,1.983,406,340,2023-06-10,2023-06,1.238,34.903
-0.097,1,34.903,1,2023-06-10 04:00:00,800,66.015,1.983,406,340,2023-06-10,2023-06,1.215,34.903
-0.075,1,34.903,1,2023-06-10 05:00:00,800,66.015,1.983,406,340,2023-06-10,2023-06,1.203,34.903
-0.092,1,34.904,1,2023-06-10 06:00:00,800,66.015,1.983,406,340,2023-06-10,2023-06,1.191,34.903
-0.106,1,34.903,1,2023-06-10 07:00:00,800,66.015,1.983,406,340,2023-06-10,2023-06,1.181,34.903
-0.125,1,34.904,1,2023-06-10 08:00:00,800,66.015,1.983,406,340,2023-06-10,2023-06,1.185,34.903
-0.101,1,34.904,1,2023-06-10 09:00:00,800,66.015,1.983,406,340,2023-06-10,2023-06,1.195,34.903
-0.109,1,34.905,1,2023-06-10 10:00:00,800,66.015,1.983,406,340,2023-06-10,2023-06,1.215,34.903
-0.104,1,34.904,1,2023-06-10 11:00:00,800,66.015,1.983,406,340,2023-06-10,2023-06,1.244,34.903
-0.108,1,34.903,1,2023-06-10 12:00:00,800,66.015,1.983,406,340,2023-06-10,2023-06,1.266,34.903
-0.091,1,34.904,1,2023-06-10 13:00:00,800,66.015,1.983,406,340,2023-06-10,2023-06,1.272,34.903
-0.092,1,34.903,1,2023-06-10 14:00:00,800,66.015,1.983,406,340,2023-06-10,2023-06,1.266,34.903
-0.109,1,34.904,1,2023-06-10 15:00:00,800,66.015,1.983,406,340,2023-06-10,2023-06,1.253,34.903
-0.097,1,34.902,1,2023-06-10 16:00:00,800,66.015,1.983,406,340,2023-06-10,2023-06,1.235,34.903
-0.093,1,34.903,1,2023-06-10 17:00:00,800,66.015,1.983,406,340,2023-06-10,2023-06,1.217,34.903
-0.079,1,34.902,1,2023-06-10 18:00:00,800,66.015,1.983,406,340,2023-06-10,2023-06,1.199,34.903
-0.083,1,34.905,1,2023-06-10 19:00:00,800,66.015,1.983,406,340,2023-06-10,2023-06,1.185,34.903
-0.093,1,34.900,1,2023-06-10 20:00:00,800,66.015,1.983,406,340,2023-06-10,2023-06,1.177,34.903
-0.101,1,34.904,1,2023-06-10 21:00:00,800,66.015,1.983,406,340,2023-06-10,2023-06,1.175,34.903
-0.127,1,34.907,1,2023-06-10 22:00:00,800,66.015,1.983,406,340,2023-06-10,2023-06,1.182,34.903
-0.107,1,34.900,1,2023-06-10 23:00:00,800,66.015,1.983,406,340,2023-06-10,2023-06,1.195,34.903
-0.124,1,34.906,1,2023-06-11 00:00:00,800,66.015,1.983,406,340,2023-06-11,2023-06,1.184,34.903
-0.118,1,34.903,1,2023-06-11 01:00:00,800,66.015,1.983,406,340,2023-06-11,2023-06,1.196,34.903
-0.110,1,34.903,1,2023-06-11 02:00:00,800,66.015,1.983,406,340,2023-06-11,2023-06,1.199,34.903
-0.095,1,34.903,1,2023-06-11 03:00:00,800,66.015,1.983,406,340,2023-06-11,2023-06,1.191,34.903
-0.091,1,34.906,1,2023-06-11 04:00:00,800,66.015,1.983,406,340,2023-06-11,2023-06,1.178,34.903
-0.062,1,34.903,1,2023-06-11 05:00:00,800,66.015,1.983,406,340,2023-06-11,2023-06,1.172,34.904
-0.074,1,34.904,1,2023-06-11 06:00:00,800,66.015,1.983,406,340,2023-06-11,2023-06,1.159,34.904
-0.084,1,34.905,1,2023-06-11 07:00:00,800,66.015,1.983,406,340,2023-06-11,2023-06,1.140,34.904
-0.073,1,34.903,1,2023-06-11 08:00:00,800,66.015,1.983,406,340,2023-06-11,2023-06,1.129,34.904
-0.070,1,34.903,1,2023-06-11 09:00:00,800,66.015,1.983,406,340,2023-06-11,2023-06,1.128,34.904
-0.105,1,34.903,1,2023-06-11 10:00:00,800,66.015,1.983,406,340,2023-06-11,2023-06,1.139,34.904
-0.090,1,34.902,1,2023-06-11 11:00:00,800,66.015,1.983,406,340,2023-06-11,2023-06,1.157,34.904
-0.098,1,34.904,1,2023-06-11 12:00:00,800,66.015,1.983,406,340,2023-06-11,2023-06,1.181,34.904
-0.087,1,34.905,1,2023-06-11 13:00:00,800,66.015,1.983,406,340,2023-06-11,2023-06,1.205,34.903
-0.103,1,34.899,1,2023-06-11 14:00:00,800,66.015,1.983,406,340,2023-06-11,2023-06,1.221,34.903
-0.062,1,34.902,1,2023-06-11 15:00:00,800,66.015,1.983,406,340,2023-06-11,2023-06,1.229,34.903
-0.049,1,34.902,1,2023-06-11 16:00:00,800,66.015,1.983,406,340,2023-06-11,2023-06,1.229,34.903
-0.058,1,34.903,1,2023-06-11 17:00:00,800,66.015,1.983,406,340,2023-06-11,2023-06,1.215,34.903
-0.041,1,34.899,1,2023-06-11 18:00:00,800,66.015,1.983,406,340,2023-06-11,2023-06,1.189,34.903
-0.044,1,34.901,1,2023-06-11 19:00:00,800,66.015,1.983,406,340,2023-06-11,2023-06,1.162,34.904
-0.074,1,34.904,1,2023-06-11 20:00:00,800,66.015,1.983,406,340,2023-06-11,2023-06,1.143,34.904
-0.073,1,34.902,1,2023-06-11 21:00:00,800,66.015,1.983,406,340,2023-06-11,2023-06,1.136,34.904
-0.094,1,34.904,1,2023-06-11 22:00:00,800,66.015,1.983,406,340,2023-06-11,2023-06,1.138,34.904
-0.085,1,34.906,1,2023-06-11 23:00:00,800,66.015,1.983,406,340,2023-06-11,2023-06,1.151,34.904
-0.071,1,34.904,1,2023-06-12 00:00:00,800,66.015,1.983,406,340,2023-06-12,2023-06,1.121,34.904
-0.091,1,34.904,1,2023-06-12 01:00:00,800,66.015,1.983,406,340,2023-06-12,2023-06,1.143,34.904
-0.071,1,34.902,1,2023-06-12 02:00:00,800,66.015,1.983,406,340,2023-06-12,2023-06,1.159,34.904
-0.064,1,34.903,1,2023-06-12 03:00:00,800,66.015,1.983,406,340,2023-06-12,2023-06,1.166,34.904
-0.072,1,34.898,1,2023-06-12 04:00:00,800,66.015,1.983,406,340,2023-06-12,2023-06,1.169,34.904
-0.053,1,34.902,1,2023-06-12 05:00:00,800,66.015,1.983,406,340,2023-06-12,2023-06,1.175,34.904
-0.082,1,34.903,1,2023-06-12 06:00:00,800,66.015,1.983,406,340,2023-06-12,2023-06,1.161,34.904
-0.073,1,34.903,1,2023-06-12 07:00:00,800,66.015,1.983,406,340,2023-06-12,2023-06,1.129,34.904
-0.085,1,34.904,1,2023-06-12 08:00:00,800,66.015,1.983,406,340,2023-06-12,2023-06,1.107,34.904
-0.092,1,34.903,1,2023-06-12 09:00:00,800,66.015,1.983,406,340,2023-06-12,2023-06,1.097,34.904
-0.090,1,34.903,1,2023-06-12 10:00:00,800,66.015,1.983,406,340,2023-06-12,2023-06,1.099,34.904
-0.104,1,34.903,1,2023-06-12 11:00:00,800,66.015,1.983,406,340,2023-06-12,2023-06,1.112,34.904
-0.093,1,34.904,1,2023-06-12 12:00:00,800,66.015,1.983,406,340,2023-06-12,2023-06,1.134,34.904
-0.093,1,34.903,1,2023-06-12 13:00:00,800,66.015,1.983,406,340,2023-06-12,2023-06,1.160,34.904
-0.097,1,34.903,1,2023-06-12 14:00:00,800,66.015,1.983,406,340,2023-06-12,2023-06,1.184,34.904
-0.087,1,34.902,1,2023-06-12 15:00:00,800,66.015,1.983,406,340,2023-06-12,2023-06,1.200,34.904
-0.080,1,34.902,1,2023-06-12 16:00:00,800,66.015,1.983,406,340,2023-06-12,2023-06,1.205,34.904
-0.077,1,34.903,1,2023-06-12 17:00:00,800,66.015,1.983,406,340,2023-06-12,2023-06,1.200,34.904
-0.087,1,34.903,1,2023-06-12 18:00:00,800,66.015,1.983,406,340,2023-06-12,2023-06,1.184,34.904
-0.066,1,34.904,1,2023-06-12 19:00:00,800,66.015,1.983,406,340,2023-06-12,2023-06,1.160,34.904
-0.062,1,34.902,1,2023-06-12 20:00:00,800,66.015,1.983,406,340,2023-06-12,2023-06,1.134,34.904
-0.064,1,34.902,1,2023-06-12 21:00:00,800,66.015,1.983,406,340,2023-06-12,2023-06,1.111,34.904
-0.056,1,34.900,1,2023-06-12 22:00:00,800,66.015,1.983,406,340,2023-06-12,2023-06,1.099,34.904
-0.056,1,34.905,1,2023-06-12 23:00:00,800,66.015,1.983,406,340,2023-06-12,2023-06,1.097,34.904
-0.074,1,34.904,1,2023-06-13 00:00:00,800,66.015,1.983,406,340,2023-06-13,2023-06,1.081,34.904
-0.093,1,34.902,1,2023-06-13 01:00:00,800,66.015,1.983,406,340,2023-06-13,2023-06,1.099,34.904
-0.086,1,34.905,1,2023-06-13 02:00:00,800,66.015,1.983,406,340,2023-06-13,2023-06,1.120,34.904
-0.088,1,34.904,1,2023-06-13 03:00:00,800,66.015,1.983,406,340,2023-06-13,2023-06,1.134,34.904
-0.093,1,34.904,1,2023-06-13 04:00:00,800,66.015,1.983,406,340,2023-06-13,2023-06,1.145,34.904
-0.094,1,34.904,1,2023-06-13 05:00:00,800,66.015,1.983,406,340,2023-06-13,2023-06,1.165,34.904
-0.110,1,34.904,1,2023-06-13 06:00:00,800,66.015,1.983,406,340,2023-06-13,2023-06,1.171,34.904
-0.112,1,34.904,1,2023-06-13 07:00:00,800,66.015,1.983,406,340,2023-06-13,2023-06,1.162,34.904
-0.096,1,34.904,1,2023-06-13 08:00:00,800,66.015,1.983,406,340,2023-06-13,2023-06,1.150,34.904
-0.077,1,34.902,1,2023-06-13 09:00:00,800,66.015,1.983,406,340,2023-06-13,2023-06,1.129,34.904
-0.072,1,34.903,1,2023-06-13 10:00:00,800,66.015,1.983,406,340,2023-06-13,2023-06,1.110,34.904
-0.033,1,34.900,1,2023-06-13 11:00:00,800,66.015,1.983,406,340,2023-06-13,2023-06,1.102,34.904
-0.050,1,34.903,1,2023-06-13 12:00:00,800,66.015,1.983,406,340,2023-06-13,2023-06,1.106,34.904
-0.063,1,34.903,1,2023-06-13 13:00:00,800,66.015,1.983,406,340,2023-06-13,2023-06,1.125,34.904
-0.060,1,34.904,1,2023-06-13 14:00:00,800,66.015,1.983,406,340,2023-06-13,2023-06,1.155,34.904
-0.074,1,34.903,1,2023-06-13 15:00:00,800,66.015,1.983,406,340,2023-06-13,2023-06,1.187,34.904
-0.088,1,34.905,1,2023-06-13 16:00:00,800,66.015,1.983,406,340,2023-06-13,2023-06,1.213,34.904
-0.101,1,34.903,1,2023-06-13 17:00:00,800,66.015,1.983,406,340,2023-06-13,2023-06,1.228,34.904
-0.106,1,34.905,1,2023-06-13 18:00:00,800,66.015,1.983,406,340,2023-06-13,2023-06,1.233,34.904
-0.088,1,34.901,1,2023-06-13 19:00:00,800,66.015,1.983,406,340,2023-06-13,2023-06,1.226,34.904
-0.090,1,34.903,1,2023-06-13 20:00:00,800,66.015,1.983,406,340,2023-06-13,2023-06,1.208,34.904
-0.076,1,34.901,1,2023-06-13 21:00:00,800,66.015,1.983,406,340,2023-06-13,2023-06,1.182,34.904
-0.071,1,34.902,1,2023-06-13 22:00:00,800,66.015,1.983,406,340,2023-06-13,2023-06,1.154,34.904
-0.079,1,34.904,1,2023-06-13 23:00:00,800,66.015,1.983,406,340,2023-06-13,2023-06,1.134,34.904
-0.043,1,34.901,1,2023-06-14 00:00:00,800,66.015,1.983,406,340,2023-06-14,2023-06,1.088,34.904
-0.018,1,34.899,1,2023-06-14 01:00:00,800,66.015,1.983,406,340,2023-06-14,2023-06,1.097,34.904
-0.037,1,34.905,1,2023-06-14 02:00:00,800,66.015,1.983,406,340,2023-06-14,2023-06,1.117,34.904
-0.052,1,34.903,1,2023-06-14 03:00:00,800,66.015,1.983,406,340,2023-06-14,2023-06,1.143,34.904
-0.072,1,34.900,1,2023-06-14 04:00:00,800,66.015,1.983,406,340,2023-06-14,2023-06,1.173,34.904
-0.075,1,34.902,1,2023-06-14 05:00:00,800,66.015,1.983,406,340,2023-06-14,2023-06,1.214,34.904
-0.077,1,34.902,1,2023-06-14 06:00:00,800,66.015,1.983,406,340,2023-06-14,2023-06,1.239,34.904
-0.088,1,34.906,1,2023-06-14 07:00:00,800,66.015,1.983,406,340,2023-06-14,2023-06,1.238,34.904
-0.079,1,34.902,1,2023-06-14 08:00:00,800,66.015,1.983,406,340,2023-06-14,2023-06,1.223,34.904
-0.067,1,34.904,1,2023-06-14 09:00:00,800,66.015,1.983,406,340,2023-06-14,2023-06,1.194,34.904
-0.033,1,34.907,1,2023-06-14 10:00:00,800,66.015,1.983,406,340,2023-06-14,2023-06,1.164,34.904
-0.004,1,34.900,1,2023-06-14 11:00:00,800,66.015,1.983,406,340,2023-06-14,2023-06,1.139,34.904
-0.028,1,34.899,1,2023-06-14 12:00:00,800,66.015,1.983,406,340,2023-06-14,2023-06,1.133,34.904
-0.024,1,34.902,1,2023-06-14 13:00:00,800,66.015,1.983,406,340,2023-06-14,2023-06,1.149,34.904
-0.011,1,34.901,1,2023-06-14 14:00:00,800,66.015,1.983,406,340,2023-06-14,2023-06,1.180,34.904
-0.014,1,34.903,1,2023-06-14 15:00:00,800,66.015,1.983,406,340,2023-06-14,2023-06,1.219,34.904
-0.027,1,34.902,1,2023-06-14 16:00:00,800,66.015,1.983,406,340,2023-06-14,2023-06,1.253,34.904
-0.035,1,34.901,1,2023-06-14 17:00:00,800,66.015,1.983,406,340,2023-06-14,2023-06,1.274,34.903
-0.036,1,34.901,1,2023-06-14 18:00:00,800,66.015,1.983,406,340,2023-06-14,2023-06,1.282,34.903
-0.037,1,34.902,1,2023-06-14 19:00:00,800,66.015,1.983,406,340,2023-06-14,2023-06,1.278,34.903
-0.019,1,34.891,1,2023-06-14 20:00:00,800,66.015,1.983,406,340,2023-06-14,2023-06,1.263,34.903
0.021,1,34.900,1,2023-06-14 21:00:00,800,66.015,1.983,406,340,2023-06-14,2023-06,1.241,34.904
0.015,1,34.902,1,2023-06-14 22:00:00,800,66.015,1.983,406,340,2023-06-14,2023-06,1.216,34.904
0.005,1,34.900,1,2023-06-14 23:00:00,800,66.015,1.983,406,340,2023-06-14,2023-06,1.195,34.904
0.024,1,34.899,1,2023-06-15 00:00:00,800,66.015,1.983,406,340,2023-06-15,2023-06,1.145,34.904
0.005,1,34.902,1,2023-06-15 01:00:00,800,66.015,1.983,406,340,2023-06-15,2023-06,1.143,34.904
0.009,1,34.900,1,2023-06-15 02:00:00,800,66.015,1.983,406,340,2023-06-15,2023-06,1.152,34.904
0.008,1,34.900,1,2023-06-15 03:00:00,800,66.015,1.983,406,340,2023-06-15,2023-06,1.169,34.904
0.015,1,34.900,1,2023-06-15 04:00:00,800,66.015,1.983,406,340,2023-06-15,2023-06,1.196,34.904
0.012,1,34.902,1,2023-06-15 05:00:00,800,66.015,1.983,406,340,2023-06-15,2023-06,1.239,34.904
0.003,1,34.902,1,2023-06-15 06:00:00,800,66.015,1.983,406,340,2023-06-15,2023-06,1.263,34.903
0.018,1,34.901,1,2023-06-15 07:00:00,800,66.015,1.983,406,340,2023-06-15,2023-06,1.263,34.903
-0.019,1,34.901,1,2023-06-15 08:00:00,800,66.015,1.983,406,340,2023-06-15,2023-06,1.253,34.904
-0.020,1,34.901,1,2023-06-15 09:00:00,800,66.015,1.983,406,340,2023-06-15,2023-06,1.236,34.904
-0.011,1,34.900,1,2023-06-15 10:00:00,800,66.015,1.983,406,340,2023-06-15,2023-06,1.217,34.904
-0.000,1,34.899,1,2023-06-15 11:00:00,800,66.015,1.983,406,340,2023-06-15,2023-06,1.198,34.904
0.010,1,34.900,1,2023-06-15 12:00:00,800,66.015,1.983,406,340,2023-06-15,2023-06,1.186,34.904
0.012,1,34.900,1,2023-06-15 13:00:00,800,66.015,1.983,406,340,2023-06-15,2023-06,1.187,34.904
0.031,1,34.897,1,2023-06-15 14:00:00,800,66.015,1.983,406,340,2023-06-15,2023-06,1.204,34.904
0.005,1,34.900,1,2023-06-15 15:00:00,800,66.015,1.983,406,340,2023-06-15,2023-06,1.231,34.904
0.048,1,34.900,1,2023-06-15 16:00:00,800,66.015,1.983,406,340,2023-06-15,2023-06,1.260,34.904
0.024,1,34.899,1,2023-06-15 17:00:00,800,66.015,1.983,406,340,2023-06-15,2023-06,1.285,34.903
0.008,1,34.902,1,2023-06-15 18:00:00,800,66.015,1.983,406,340,2023-06-15,2023-06,1.305,34.903
-0.023,1,34.901,1,2023-06-15 19:00:00,800,66.015,1.983,406,340,2023-06-15,2023-06,1.315,34.903
-0.024,1,34.902,1,2023-06-15 20:00:00,800,66.015,1.983,406,340,2023-06-15,2023-06,1.311,34.903
-0.024,1,34.901,1,2023-06-15 21:00:00,800,66.015,1.983,406,340,2023-06-15,2023-06,1.295,34.903
0.006,1,34.900,1,2023-06-15 22:00:00,800,66.015,1.983,406,340,2023-06-15,2023-06,1.273,34.903
-0.000,1,34.900,1,2023-06-15 23:00:00,800,66.015,1.983,406,340,2023-06-15,2023-06,1.253,34.904
0.000,1,34.901,1,2023-06-16 00:00:00,800,66.015,1.983,406,340,2023-06-16,2023-06,1.219,34.904
0.004,1,34.901,1,2023-06-16 01:00:00,800,66.015,1.983,406,340,2023-06-16,2023-06,1.212,34.904
0.018,1,34.899,1,2023-06-16 02:00:00,800,66.015,1.983,406,340,2023-06-16,2023-06,1.216,34.904
0.005,1,34.900,1,2023-06-16 03:00:00,800,66.015,1.983,406,340,2023-06-16,2023-06,1.224,34.904
-0.004,1,34.898,1,2023-06-16 04:00:00,800,66.015,1.983,406,340,2023-06-16,2023-06,1.242,34.904
0.011,1,34.900,1,2023-06-16 05:00:00,800,66.015,1.983,406,340,2023-06-16,2023-06,1.275,34.903
0.005,1,34.902,1,2023-06-16 06:00:00,800,66.015,1.983,406,340,2023-06-16,2023-06,1.301,34.903
0.008,1,34.901,1,2023-06-16 07:00:00,800,66.015,1.983,406,340,2023-06-16,2023-06,1.308,34.903
-0.041,1,34.903,1,2023-06-16 08:00:00,800,66.015,1.983,406,340,2023-06-16,2023-06,1.306,34.903
-0.046,1,34.901,1,2023-06-16 09:00:00,800,66.015,1.983,406,340,2023-06-16,2023-06,1.298,34.903
0.002,1,34.897,1,2023-06-16 10:00:00,800,66.015,1.983,406,340,2023-06-16,2023-06,1.286,34.903
-0.006,1,34.900,1,2023-06-16 11:00:00,800,66.015,1.983,406,340,2023-06-16,2023-06,1.271,34.903
0.005,1,34.900,1,2023-06-16 12:00:00,800,66.015,1.983,406,340,2023-06-16,2023-06,1.256,34.904
0.025,1,34.899,1,2023-06-16 13:00:00,800,66.015,1.983,406,340,2023-06-16,2023-06,1.247,34.904
0.016,1,34.900,1,2023-06-16 14:00:00,800,66.015,1.983,406,340,2023-06-16,2023-06,1.249,34.904
-0.003,1,34.903,1,2023-06-16 15:00:00,800,66.015,1.983,406,340,2023-06-16,2023-06,1.264,34.903
0.011,1,34.898,1,2023-06-16 16:00:00,800,66.015,1.983,406,340,2023-06-16,2023-06,1.285,34.903
-0.013,1,34.901,1,2023-06-16 17:00:00,800,66.015,1.983,406,340,2023-06-16,2023-06,1.305,34.903
-0.034,1,34.901,1,2023-06-16 18:00:00,800,66.015,1.983,406,340,2023-06-16,2023-06,1.324,34.903
-0.025,1,34.903,1,2023-06-16 19:00:00,800,66.015,1.983,406,340,2023-06-16,2023-06,1.339,34.903
-0.054,1,34.903,1,2023-06-16 20:00:00,800,66.015,1.983,406,340,2023-06-16,2023-06,1.344,34.903
-0.054,1,34.901,1,2023-06-16 21:00:00,800,66.015,1.983,406,340,2023-06-16,2023-06,1.337,34.903
-0.030,1,34.901,1,2023-06-16 22:00:00,800,66.015,1.983,406,340,2023-06-16,2023-06,1.319,34.903
-0.027,1,34.901,1,2023-06-16 23:00:00,800,66.015,1.983,406,340,2023-06-16,2023-06,1.297,34.903
-0.025,1,34.901,1,2023-06-17 00:00:00,800,66.015,1.983,406,340,2023-06-17,2023-06,1.278,34.903
0.033,1,34.899,1,2023-06-17 01:00:00,800,66.015,1.983,406,340,2023-06-17,2023-06,1.264,34.903
0.035,1,34.900,1,2023-06-17 02:00:00,800,66.015,1.983,406,340,2023-06-17,2023-06,1.259,34.904
0.028,1,34.897,1,2023-06-17 03:00:00,800,66.015,1.983,406,340,2023-06-17,2023-06,1.260,34.904
0.018,1,34.900,1,2023-06-17 04:00:00,800,66.015,1.983,406,340,2023-06-17,2023-06,1.270,34.903
-0.003,1,34.902,1,2023-06-17 05:00:00,800,66.015,1.983,406,340,2023-06-17,2023-06,1.293,34.903
-0.025,1,34.903,1,2023-06-17 06:00:00,800,66.015,1.983,406,340,2023-06-17,2023-06,1.317,34.903
-0.050,1,34.904,1,2023-06-17 07:00:00,800,66.015,1.983,406,340,2023-06-17,2023-06,1.329,34.903
-0.046,1,34.901,1,2023-06-17 08:00:00,800,66.015,1.983,406,340,2023-06-17,2023-06,1.334,34.903
-0.046,1,34.901,1,2023-06-17 09:00:00,800,66.015,1.983,406,340,2023-06-17,2023-06,1.336,34.903
-0.033,1,34.901,1,2023-06-17 10:00:00,800,66.015,1.983,406,340,2023-06-17,2023-06,1.333,34.903
-0.014,1,34.902,1,2023-06-17 11:00:00,800,66.015,1.983,406,340,2023-06-17,2023-06,1.323,34.903
-0.018,1,34.902,1,2023-06-17 12:00:00,800,66.015,1.983,406,340,2023-06-17,2023-06,1.310,34.903
-0.019,1,34.901,1,2023-06-17 13:00:00,800,66.015,1.983,406,340,2023-06-17,2023-06,1.295,34.903
-0.018,1,34.903,1,2023-06-17 14:00:00,800,66.015,1.983,406,340,2023-06-17,2023-06,1.284,34.903
-0.009,1,34.902,1,2023-06-17 15:00:00,800,66.015,1.983,406,340,2023-06-17,2023-06,1.282,34.903
-0.020,1,34.901,1,2023-06-17 16:00:00,800,66.015,1.983,406,340,2023-06-17,2023-06,1.290,34.903
0.003,1,34.901,1,2023-06-17 17:00:00,800,66.015,1.983,406,340,2023-06-17,2023-06,1.308,34.903
-0.001,1,34.902,1,2023-06-17 18:00:00,800,66.015,1.983,406,340,2023-06-17,2023-06,1.330,34.903
-0.002,1,34.899,1,2023-06-17 19:00:00,800,66.015,1.983,406,340,2023-06-17,2023-06,1.350,34.903
-0.005,1,34.902,1,2023-06-17 20:00:00,800,66.015,1.983,406,340,2023-06-17,2023-06,1.363,34.903
-0.005,1,34.900,1,2023-06-17 21:00:00,800,66.015,1.983,406,340,2023-06-17,2023-06,1.362,34.903
0.007,1,34.899,1,2023-06-17 22:00:00,800,66.015,1.983,406,340,2023-06-17,2023-06,1.347,34.903
0.020,1,34.900,1,2023-06-17 23:00:00,800,66.015,1.983,406,340,2023-06-17,2023-06,1.322,34.903
0.018,1,34.900,1,2023-06-18 00:00:00,800,66.015,1.983,406,340,2023-06-18,2023-06,1.305,34.903
0.014,1,34.900,1,2023-06-18 01:00:00,800,66.015,1.983,406,340,2023-06-18,2023-06,1.284,34.903
0.025,1,34.900,1,2023-06-18 02:00:00,800,66.015,1.983,406,340,2023-06-18,2023-06,1.272,34.904
0.031,1,34.900,1,2023-06-18 03:00:00,800,66.015,1.983,406,340,2023-06-18,2023-06,1.265,34.904
0.033,1,34.897,1,2023-06-18 04:00:00,800,66.015,1.983,406,340,2023-06-18,2023-06,1.269,34.904
0.026,1,34.899,1,2023-06-18 05:00:00,800,66.015,1.983,406,340,2023-06-18,2023-06,1.290,34.903
0.036,1,34.900,1,2023-06-18 06:00:00,800,66.015,1.983,406,340,2023-06-18,2023-06,1.313,34.903
0.013,1,34.900,1,2023-06-18 07:00:00,800,66.015,1.983,406,340,2023-06-18,2023-06,1.330,34.903
0.016,1,34.899,1,2023-06-18 08:00:00,800,66.015,1.983,406,340,2023-06-18,2023-06,1.346,34.903
0.029,1,34.900,1,2023-06-18 09:00:00,800,66.015,1.983,406,340,2023-06-18,2023-06,1.357,34.903
0.039,1,34.898,1,2023-06-18 10:00:00,800,66.015,1.983,406,340,2023-06-18,2023-06,1.358,34.903
0.032,1,34.900,1,2023-06-18 11:00:00,800,66.015,1.983,406,340,2023-06-18,2023-06,1.346,34.903
0.038,1,34.904,1,2023-06-18 12:00:00,800,66.015,1.983,406,340,2023-06-18,2023-06,1.328,34.903
0.040,1,34.903,1,2023-06-18 13:00:00,800,66.015,1.983,406,340,2023-06-18,2023-06,1.311,34.903
0.033,1,34.899,1,2023-06-18 14:00:00,800,66.015,1.983,406,340,2023-06-18,2023-06,1.301,34.903
0.054,1,34.900,1,2023-06-18 15:00:00,800,66.015,1.983,406,340,2023-06-18,2023-06,1.300,34.903
0.038,1,34.902,1,2023-06-18 16:00:00,800,66.015,1.983,406,340,2023-06-18,2023-06,1.305,34.903
0.042,1,34.899,1,2023-06-18 17:00:00,800,66.015,1.983,406,340,2023-06-18,2023-06,1.317,34.903
0.047,1,34.896,1,2023-06-18 18:00:00,800,66.015,1.983,406,340,2023-06-18,2023-06,1.329,34.903
0.048,1,34.898,1,2023-06-18 19:00:00,800,66.015,1.983,406,340,2023-06-18,2023-06,1.343,34.903
0.032,1,34.899,1,2023-06-18 20:00:00,800,66.015,1.983,406,340,2023-06-18,2023-06,1.357,34.903
0.034,1,34.899,1,2023-06-18 21:00:00,800,66.015,1.983,406,340,2023-06-18,2023-06,1.368,34.903
0.028,1,34.899,1,2023-06-18 22:00:00,800,66.015,1.983,406,340,2023-06-18,2023-06,1.370,34.903
0.025,1,34.901,1,2023-06-18 23:00:00,800,66.015,1.983,406,340,2023-06-18,2023-06,1.355,34.903
0.030,1,34.899,1,2023-06-19 00:00:00,800,66.015,1.983,406,340,2023-06-19,2023-06,1.333,34.903
0.026,1,34.899,1,2023-06-19 01:00:00,800,66.015,1.983,406,340,2023-06-19,2023-06,1.305,34.903
0.033,1,34.900,1,2023-06-19 02:00:00,800,66.015,1.983,406,340,2023-06-19,2023-06,1.287,34.903
0.042,1,34.899,1,2023-06-19 03:00:00,800,66.015,1.983,406,340,2023-06-19,2023-06,1.280,34.903
0.011,1,34.902,1,2023-06-19 04:00:00,800,66.015,1.983,406,340,2023-06-19,2023-06,1.289,34.903
0.021,1,34.901,1,2023-06-19 05:00:00,800,66.015,1.983,406,340,2023-06-19,2023-06,1.314,34.903
0.059,1,34.899,1,2023-06-19 06:00:00,800,66.015,1.983,406,340,2023-06-19,2023-06,1.336,34.903
0.046,1,34.903,1,2023-06-19 07:00:00,800,66.015,1.983,406,340,2023-06-19,2023-06,1.351,34.903
0.036,1,34.904,1,2023-06-19 08:00:00,800,66.015,1.983,406,340,2023-06-19,2023-06,1.367,34.903
0.019,1,34.901,1,2023-06-19 09:00:00,800,66.015,1.983,406,340,2023-06-19,2023-06,1.382,34.903
0.026,1,34.901,1,2023-06-19 10:00:00,800,66.015,1.983,406,340,2023-06-19,2023-06,1.392,34.903
0.027,1,34.896,1,2023-06-19 11:00:00,800,66.015,1.983,406,340,2023-06-19,2023-06,1.389,34.903
0.049,1,34.899,1,2023-06-19 12:00:00,800,66.015,1.983,406,340,2023-06-19,2023-06,1.375,34.903
0.056,1,34.898,1,2023-06-19 13:00:00,800,66.015,1.983,406,340,2023-06-19,2023-06,1.358,34.903
0.037,1,34.897,1,2023-06-19 14:00:00,800,66.015,1.983,406,340,2023-06-19,2023-06,1.347,34.903
0.034,1,34.899,1,2023-06-19 15:00:00,800,66.015,1.983,406,340,2023-06-19,2023-06,1.342,34.903
0.024,1,34.901,1,2023-06-19 16:00:00,800,66.015,1.983,406,340,2023-06-19,2023-06,1.344,34.903
0.021,1,34.900,1,2023-06-19 17:00:00,800,66.015,1.983,406,340,2023-06-19,2023-06,1.353,34.903
0.016,1,34.900,1,2023-06-19 18:00:00,800,66.015,1.983,406,340,2023-06-19,2023-06,1.365,34.903
0.022,1,34.901,1,2023-06-19 19:00:00,800,66.015,1.983,406,340,2023-06-19,2023-06,1.377,34.903
0.019,1,34.903,1,2023-06-19 20:00:00,800,66.015,1.983,406,340,2023-06-19,2023-06,1.383,34.903
0.021,1,34.901,1,2023-06-19 21:00:00,800,66.015,1.983,406,340,2023-06-19,2023-06,1.389,34.903
0.036,1,34.900,1,2023-06-19 22:00:00,800,66.015,1.983,406,340,2023-06-19,2023-06,1.392,34.903
0.042,1,34.900,1,2023-06-19 23:00:00,800,66.015,1.983,406,340,2023-06-19,2023-06,1.388,34.903
0.038,1,34.899,1,2023-06-20 00:00:00,800,66.015,1.983,406,340,2023-06-20,2023-06,1.367,34.903
0.038,1,34.899,1,2023-06-20 01:00:00,800,66.015,1.983,406,340,2023-06-20,2023-06,1.352,34.903
0.037,1,34.900,1,2023-06-20 02:00:00,800,66.015,1.983,406,340,2023-06-20,2023-06,1.336,34.903
0.047,1,34.897,1,2023-06-20 03:00:00,800,66.015,1.983,406,340,2023-06-20,2023-06,1.324,34.903
0.041,1,34.899,1,2023-06-20 04:00:00,800,66.015,1.983,406,340,2023-06-20,2023-06,1.324,34.903
0.025,1,34.899,1,2023-06-20 05:00:00,800,66.015,1.983,406,340,2023-06-20,2023-06,1.344,34.903
0.017,1,34.899,1,2023-06-20 06:00:00,800,66.015,1.983,406,340,2023-06-20,2023-06,1.364,34.903
0.011,1,34.899,1,2023-06-20 07:00:00,800,66.015,1.983,406,340,2023-06-20,2023-06,1.376,34.903
0.013,1,34.899,1,2023-06-20 08:00:00,800,66.015,1.983,406,340,2023-06-20,2023-06,1.388,34.903
0.001,1,34.901,1,2023-06-20 09:00:00,800,66.015,1.983,406,340,2023-06-20,2023-06,1.397,34.903
-0.016,1,34.904,1,2023-06-20 10:00:00,800,66.015,1.983,406,340,2023-06-20,2023-06,1.403,34.903
0.010,1,34.899,1,2023-06-20 11:00:00,800,66.015,1.983,406,340,2023-06-20,2023-06,1.404,34.903
0.029,1,34.901,1,2023-06-20 12:00:00,800,66.015,1.983,406,340,2023-06-20,2023-06,1.397,34.903
0.014,1,34.903,1,2023-06-20 13:00:00,800,66.015,1.983,406,340,2023-06-20,2023-06,1.382,34.903
0.022,1,34.901,1,2023-06-20 14:00:00,800,66.015,1.983,406,340,2023-06-20,2023-06,1.366,34.903
0.015,1,34.899,1,2023-06-20 15:00:00,800,66.015,1.983,406,340,2023-06-20,2023-06,1.355,34.903
0.031,1,34.898,1,2023-06-20 16:00:00,800,66.015,1.983,406,340,2023-06-20,2023-06,1.355,34.903
0.048,1,34.899,1,2023-06-20 17:00:00,800,66.015,1.983,406,340,2023-06-20,2023-06,1.361,34.903
0.026,1,34.900,1,2023-06-20 18:00:00,800,66.015,1.983,406,340,2023-06-20,2023-06,1.365,34.903
0.021,1,34.901,1,2023-06-20 19:00:00,800,66.015,1.983,406,340,2023-06-20,2023-06,1.367,34.903
-0.012,1,34.908,1,2023-06-20 20:00:00,800,66.015,1.983,406,340,2023-06-20,2023-06,1.368,34.903
0.001,1,34.899,1,2023-06-20 21:00:00,800,66.015,1.983,406,340,2023-06-20,2023-06,1.370,34.903
0.015,1,34.901,1,2023-06-20 22:00:00,800,66.015,1.983,406,340,2023-06-20,2023-06,1.370,34.903
0.020,1,34.900,1,2023-06-20 23:00:00,800,66.015,1.983,406,340,2023-06-20,2023-06,1.367,34.903
0.015,1,34.900,1,2023-06-21 00:00:00,800,66.015,1.983,406,340,2023-06-21,2023-06,1.368,34.903
0.010,1,34.900,1,2023-06-21 01:00:00,800,66.015,1.983,406,340,2023-06-21,2023-06,1.351,34.903
0.018,1,34.900,1,2023-06-21 02:00:00,800,66.015,1.983,406,340,2023-06-21,2023-06,1.335,34.903
0.067,1,34.898,1,2023-06-21 03:00:00,800,66.015,1.983,406,340,2023-06-21,2023-06,1.321,34.903
0.051,1,34.900,1,2023-06-21 04:00:00,800,66.015,1.983,406,340,2023-06-21,2023-06,1.314,34.903
0.052,1,34.895,1,2023-06-21 05:00:00,800,66.015,1.983,406,340,2023-06-21,2023-06,1.320,34.903
0.035,1,34.902,1,2023-06-21 06:00:00,800,66.015,1.983,406,340,2023-06-21,2023-06,1.330,34.903
0.044,1,34.901,1,2023-06-21 07:00:00,800,66.015,1.983,406,340,2023-06-21,2023-06,1.330,34.903
0.011,1,34.901,1,2023-06-21 08:00:00,800,66.015,1.983,406,340,2023-06-21,2023-06,1.333,34.903
0.015,1,34.899,1,2023-06-21 09:00:00,800,66.015,1.983,406,340,2023-06-21,2023-06,1.343,34.903
0.034,1,34.900,1,2023-06-21 10:00:00,800,66.015,1.983,406,340,2023-06-21,2023-06,1.356,34.903
0.049,1,34.899,1,2023-06-21 11:00:00,800,66.015,1.983,406,340,2023-06-21,2023-06,1.365,34.903
0.049,1,34.900,1,2023-06-21 12:00:00,800,66.015,1.983,406,340,2023-06-21,2023-06,1.365,34.903
0.075,1,34.899,1,2023-06-21 13:00:00,800,66.015,1.983,406,340,2023-06-21,2023-06,1.360,34.903
0.065,1,34.900,1,2023-06-21 14:00:00,800,66.015,1.983,406,340,2023-06-21,2023-06,1.351,34.903
0.061,1,34.899,1,2023-06-21 15:00:00,800,66.015,1.983,406,340,2023-06-21,2023-06,1.339,34.903
0.063,1,34.899,1,2023-06-21 16:00:00,800,66.015,1.983,406,340,2023-06-21,2023-06,1.330,34.903
0.054,1,34.899,1,2023-06-21 17:00:00,800,66.015,1.983,406,340,2023-06-21,2023-06,1.327,34.903
0.069,1,34.898,1,2023-06-21 18:00:00,800,66.015,1.983,406,340,2023-06-21,2023-06,1.323,34.903
0.064,1,34.901,1,2023-06-21 19:00:00,800,66.015,1.983,406,340,2023-06-21,2023-06,1.317,34.903
0.051,1,34.899,1,2023-06-21 20:00:00,800,66.015,1.983,406,340,2023-06-21,2023-06,1.314,34.903
0.065,1,34.899,1,2023-06-21 21:00:00,800,66.015,1.983,406,340,2023-06-21,2023-06,1.319,34.903
0.078,1,34.900,1,2023-06-21 22:00:00,800,66.015,1.983,406,340,2023-06-21,2023-06,1.329,34.903
0.054,1,34.899,1,2023-06-21 23:00:00,800,66.015,1.983,406,340,2023-06-21,2023-06,1.339,34.903
0.034,1,34.901,1,2023-06-22 00:00:00,800,66.015,1.983,406,340,2023-06-22,2023-06,1.333,34.903
0.030,1,34.900,1,2023-06-22 01:00:00,800,66.015,1.983,406,340,2023-06-22,2023-06,1.331,34.903
0.056,1,34.901,1,2023-06-22 02:00:00,800,66.015,1.983,406,340,2023-06-22,2023-06,1.326,34.903
0.062,1,34.898,1,2023-06-22 03:00:00,800,66.015,1.983,406,340,2023-06-22,2023-06,1.318,34.903
0.068,1,34.899,1,2023-06-22 04:00:00,800,66.015,1.983,406,340,2023-06-22,2023-06,1.309,34.903
0.060,1,34.898,1,2023-06-22 05:00:00,800,66.015,1.983,406,340,2023-06-22,2023-06,1.310,34.903
0.053,1,34.900,1,2023-06-22 06:00:00,800,66.015,1.983,406,340,2023-06-22,2023-06,1.311,34.903
0.051,1,34.900,1,2023-06-22 07:00:00,800,66.015,1.983,406,340,2023-06-22,2023-06,1.307,34.903
0.036,1,34.899,1,2023-06-22 08:00:00,800,66.015,1.983,406,340,2023-06-22,2023-06,1.305,34.903
0.036,1,34.900,1,2023-06-22 09:00:00,800,66.015,1.983,406,340,2023-06-22,2023-06,1.307,34.903
0.034,1,34.901,1,2023-06-22 10:00:00,800,66.015,1.983,406,340,2023-06-22,2023-06,1.319,34.903
0.046,1,34.900,1,2023-06-22 11:00:00,800,66.015,1.983,406,340,2023-06-22,2023-06,1.339,34.903
0.040,1,34.898,1,2023-06-22 12:00:00,800,66.015,1.983,406,340,2023-06-22,2023-06,1.358,34.903
0.018,1,34.902,1,2023-06-22 13:00:00,800,66.015,1.983,406,340,2023-06-22,2023-06,1.371,34.903
0.023,1,34.899,1,2023-06-22 14:00:00,800,66.015,1.983,406,340,2023-06-22,2023-06,1.376,34.903
0.033,1,34.899,1,2023-06-22 15:00:00,800,66.015,1.983,406,340,2023-06-22,2023-06,1.369,34.903
0.039,1,34.900,1,2023-06-22 16:00:00,800,66.015,1.983,406,340,2023-06-22,2023-06,1.357,34.903
0.038,1,34.898,1,2023-06-22 17:00:00,800,66.015,1.983,406,340,2023-06-22,2023-06,1.342,34.903
0.041,1,34.900,1,2023-06-22 18:00:00,800,66.015,1.983,406,340,2023-06-22,2023-06,1.329,34.903
0.045,1,34.898,1,2023-06-22 19:00:00,800,66.015,1.983,406,340,2023-06-22,2023-06,1.320,34.903
0.027,1,34.899,1,2023-06-22 20:00:00,800,66.015,1.983,406,340,2023-06-22,2023-06,1.314,34.903
0.037,1,34.900,1,2023-06-22 21:00:00,800,66.015,1.983,406,340,2023-06-22,2023-06,1.310,34.903
0.015,1,34.902,1,2023-06-22 22:00:00,800,66.015,1.983,406,340,2023-06-22,2023-06,1.310,34.903
0.029,1,34.900,1,2023-06-22 23:00:00,800,66.015,1.983,406,340,2023-06-22,2023-06,1.320,34.903
0.015,1,34.899,1,2023-06-23 00:00:00,800,66.015,1.983,406,340,2023-06-23,2023-06,1.329,34.903
0.006,1,34.903,1,2023-06-23 01:00:00,800,66.015,1.983,406,340,2023-06-23,2023-06,1.344,34.903
0.015,1,34.897,1,2023-06-23 02:00:00,800,66.015,1.983,406,340,2023-06-23,2023-06,1.346,34.903
0.029,1,34.900,1,2023-06-23 03:00:00,800,66.015,1.983,406,340,2023-06-23,2023-06,1.328,34.903
0.050,1,34.900,1,2023-06-23 04:00:00,800,66.015,1.983,406,340,2023-06-23,2023-06,1.301,34.903
0.038,1,34.899,1,2023-06-23 05:00:00,800,66.015,1.983,406,340,2023-06-23,2023-06,1.285,34.903
0.033,1,34.899,1,2023-06-23 06:00:00,800,66.015,1.983,406,340,2023-06-23,2023-06,1.276,34.903
0.014,1,34.905,1,2023-06-23 07:00:00,800,66.015,1.983,406,340,2023-06-23,2023-06,1.265,34.903
0.034,1,34.899,1,2023-06-23 08:00:00,800,66.015,1.983,406,340,2023-06-23,2023-06,1.257,34.903
0.035,1,34.899,1,2023-06-23 09:00:00,800,66.015,1.983,406,340,2023-06-23,2023-06,1.257,34.903
0.018,1,34.902,1,2023-06-23 10:00:00,800,66.015,1.983,406,340,2023-06-23,2023-06,1.263,34.903
0.015,1,34.901,1,2023-06-23 11:00:00,800,66.015,1.983,406,340,2023-06-23,2023-06,1.275,34.903
0.003,1,34.898,1,2023-06-23 12:00:00,800,66.015,1.983,406,340,2023-06-23,2023-06,1.294,34.903
0.030,1,34.900,1,2023-06-23 13:00:00,800,66.015,1.983,406,340,2023-06-23,2023-06,1.311,34.903
0.022,1,34.899,1,2023-06-23 14:00:00,800,66.015,1.983,406,340,2023-06-23,2023-06,1.316,34.903
-0.009,1,34.901,1,2023-06-23 15:00:00,800,66.015,1.983,406,340,2023-06-23,2023-06,1.307,34.903
0.025,1,34.899,1,2023-06-23 16:00:00,800,66.015,1.983,406,340,2023-06-23,2023-06,1.289,34.903
0.028,1,34.901,1,2023-06-23 17:00:00,800,66.015,1.983,406,340,2023-06-23,2023-06,1.269,34.903
0.017,1,34.900,1,2023-06-23 18:00:00,800,66.015,1.983,406,340,2023-06-23,2023-06,1.250,34.904
0.017,1,34.899,1,2023-06-23 19:00:00,800,66.015,1.983,406,340,2023-06-23,2023-06,1.235,34.904
0.022,1,34.900,1,2023-06-23 20:00:00,800,66.015,1.983,406,340,2023-06-23,2023-06,1.226,34.904
0.024,1,34.900,1,2023-06-23 21:00:00,800,66.015,1.983,406,340,2023-06-23,2023-06,1.224,34.904
0.005,1,34.902,1,2023-06-23 22:00:00,800,66.015,1.983,406,340,2023-06-23,2023-06,1.229,34.904
-0.000,1,34.900,1,2023-06-23 23:00:00,800,66.015,1.983,406,340,2023-06-23,2023-06,1.235,34.904
0.002,1,34.902,1,2023-06-24 00:00:00,800,66.015,1.983,406,340,2023-06-24,2023-06,1.219,34.904
-0.003,1,34.902,1,2023-06-24 01:00:00,800,66.015,1.983,406,340,2023-06-24,2023-06,1.234,34.904
-0.004,1,34.901,1,2023-06-24 02:00:00,800,66.015,1.983,406,340,2023-06-24,2023-06,1.245,34.904
-0.002,1,34.900,1,2023-06-24 03:00:00,800,66.015,1.983,406,340,2023-06-24,2023-06,1.245,34.904
-0.000,1,34.899,1,2023-06-24 04:00:00,800,66.015,1.983,406,340,2023-06-24,2023-06,1.239,34.904
0.005,1,34.902,1,2023-06-24 05:00:00,800,66.015,1.983,406,340,2023-06-24,2023-06,1.242,34.904
0.004,1,34.900,1,2023-06-24 06:00:00,800,66.015,1.983,406,340,2023-06-24,2023-06,1.232,34.904
0.003,1,34.900,1,2023-06-24 07:00:00,800,66.015,1.983,406,340,2023-06-24,2023-06,1.216,34.904
0.012,1,34.900,1,2023-06-24 08:00:00,800,66.015,1.983,406,340,2023-06-24,2023-06,1.209,34.904
0.009,1,34.901,1,2023-06-24 09:00:00,800,66.015,1.983,406,340,2023-06-24,2023-06,1.211,34.904
-0.008,1,34.902,1,2023-06-24 10:00:00,800,66.015,1.983,406,340,2023-06-24,2023-06,1.221,34.904
-0.033,1,34.898,1,2023-06-24 11:00:00,800,66.015,1.983,406,340,2023-06-24,2023-06,1.237,34.904
-0.022,1,34.903,1,2023-06-24 12:00:00,800,66.015,1.983,406,340,2023-06-24,2023-06,1.260,34.903
-0.024,1,34.901,1,2023-06-24 13:00:00,800,66.015,1.983,406,340,2023-06-24,2023-06,1.290,34.903
-0.019,1,34.900,1,2023-06-24 14:00:00,800,66.015,1.983,406,340,2023-06-24,2023-06,1.321,34.903
0.001,1,34.900,1,2023-06-24 15:00:00,800,66.015,1.983,406,340,2023-06-24,2023-06,1.339,34.903
-0.010,1,34.901,1,2023-06-24 16:00:00,800,66.015,1.983,406,340,2023-06-24,2023-06,1.342,34.903
0.002,1,34.900,1,2023-06-24 17:00:00,800,66.015,1.983,406,340,2023-06-24,2023-06,1.337,34.903
0.007,1,34.902,1,2023-06-24 18:00:00,800,66.015,1.983,406,340,2023-06-24,2023-06,1.329,34.903
0.014,1,34.901,1,2023-06-24 19:00:00,800,66.015,1.983,406,340,2023-06-24,2023-06,1.319,34.903
0.010,1,34.901,1,2023-06-24 20:00:00,800,66.015,1.983,406,340,2023-06-24,2023-06,1.308,34.903
0.005,1,34.898,1,2023-06-24 21:00:00,800,66.015,1.983,406,340,2023-06-24,2023-06,1.299,34.903
0.013,1,34.901,1,2023-06-24 22:00:00,800,66.015,1.983,406,340,2023-06-24,2023-06,1.296,34.903
-0.009,1,34.900,1,2023-06-24 23:00:00,800,66.015,1.983,406,340,2023-06-24,2023-06,1.302,34.903
-0.009,1,34.900,1,2023-06-25 00:00:00,800,66.015,1.983,406,340,2023-06-25,2023-06,1.282,34.903
-0.011,1,34.903,1,2023-06-25 01:00:00,800,66.015,1.983,406,340,2023-06-25,2023-06,1.314,34.903
-0.005,1,34.899,1,2023-06-25 02:00:00,800,66.015,1.983,406,340,2023-06-25,2023-06,1.345,34.903
-0.000,1,34.900,1,2023-06-25 03:00:00,800,66.015,1.983,406,340,2023-06-25,2023-06,1.367,34.903
0.001,1,34.902,1,2023-06-25 04:00:00,800,66.015,1.983,406,340,2023-06-25,2023-06,1.376,34.903
0.004,1,34.900,1,2023-06-25 05:00:00,800,66.015,1.983,406,340,2023-06-25,2023-06,1.383,34.903
0.026,1,34.898,1,2023-06-25 06:00:00,800,66.015,1.983,406,340,2023-06-25,2023-06,1.373,34.903
0.025,1,34.897,1,2023-06-25 07:00:00,800,66.015,1.983,406,340,2023-06-25,2023-06,1.350,34.903
0.030,1,34.900,1,2023-06-25 08:00:00,800,66.015,1.983,406,340,2023-06-25,2023-06,1.334,34.903
0.035,1,34.901,1,2023-06-25 09:00:00,800,66.015,1.983,406,340,2023-06-25,2023-06,1.327,34.903
0.024,1,34.902,1,2023-06-25 10:00:00,800,66.015,1.983,406,340,2023-06-25,2023-06,1.323,34.903
0.035,1,34.902,1,2023-06-25 11:00:00,800,66.015,1.983,406,340,2023-06-25,2023-06,1.329,34.903
0.015,1,34.902,1,2023-06-25 12:00:00,800,66.015,1.983,406,340,2023-06-25,2023-06,1.351,34.903
0.031,1,34.899,1,2023-06-25 13:00:00,800,66.015,1.983,406,340,2023-06-25,2023-06,1.382,34.903
0.035,1,34.900,1,2023-06-25 14:00:00,800,66.015,1.983,406,340,2023-06-25,2023-06,1.411,34.903
0.043,1,34.902,1,2023-06-25 15:00:00,800,66.015,1.983,406,340,2023-06-25,2023-06,1.427,34.903
0.039,1,34.899,1,2023-06-25 16:00:00,800,66.015,1.983,406,340,2023-06-25,2023-06,1.431,34.903
0.072,1,34.900,1,2023-06-25 17:00:00,800,66.015,1.983,406,340,2023-06-25,2023-06,1.426,34.903
0.051,1,34.902,1,2023-06-25 18:00:00,800,66.015,1.983,406,340,2023-06-25,2023-06,1.416,34.903
0.061,1,34.899,1,2023-06-25 19:00:00,800,66.015,1.983,406,340,2023-06-25,2023-06,1.403,34.903
0.089,1,34.904,1,2023-06-25 20:00:00,800,66.015,1.983,406,340,2023-06-25,2023-06,1.387,34.903
0.031,1,34.901,1,2023-06-25 21:00:00,800,66.015,1.983,406,340,2023-06-25,2023-06,1.370,34.903
0.055,1,34.894,1,2023-06-25 22:00:00,800,66.015,1.983,406,340,2023-06-25,2023-06,1.358,34.903
0.061,1,34.897,1,2023-06-25 23:00:00,800,66.015,1.983,406,340,2023-06-25,2023-06,1.357,34.903
0.063,1,34.901,1,2023-06-26 00:00:00,800,66.015,1.983,406,340,2023-06-26,2023-06,1.372,34.903
0.037,1,34.901,1,2023-06-26 01:00:00,800,66.015,1.983,406,340,2023-06-26,2023-06,1.390,34.903
0.052,1,34.900,1,2023-06-26 02:00:00,800,66.015,1.983,406,340,2023-06-26,2023-06,1.413,34.903
0.042,1,34.899,1,2023-06-26 03:00:00,800,66.015,1.983,406,340,2023-06-26,2023-06,1.429,34.903
0.050,1,34.899,1,2023-06-26 04:00:00,800,66.015,1.983,406,340,2023-06-26,2023-06,1.433,34.903
0.072,1,34.896,1,2023-06-26 05:00:00,800,66.015,1.983,406,340,2023-06-26,2023-06,1.429,34.903
0.056,1,34.900,1,2023-06-26 06:00:00,800,66.015,1.983,406,340,2023-06-26,2023-06,1.418,34.903
0.050,1,34.898,1,2023-06-26 07:00:00,800,66.015,1.983,406,340,2023-06-26,2023-06,1.407,34.903
0.060,1,34.901,1,2023-06-26 08:00:00,800,66.015,1.983,406,340,2023-06-26,2023-06,1.394,34.903
0.045,1,34.899,1,2023-06-26 09:00:00,800,66.015,1.983,406,340,2023-06-26,2023-06,1.380,34.903
0.031,1,34.899,1,2023-06-26 10:00:00,800,66.015,1.983,406,340,2023-06-26,2023-06,1.368,34.903
0.034,1,34.899,1,2023-06-26 11:00:00,800,66.015,1.983,406,340,2023-06-26,2023-06,1.367,34.903
0.056,1,34.898,1,2023-06-26 12:00:00,800,66.015,1.983,406,340,2023-06-26,2023-06,1.383,34.903
0.038,1,34.900,1,2023-06-26 13:00:00,800,66.015,1.983,406,340,2023-06-26,2023-06,1.410,34.903
0.034,1,34.899,1,2023-06-26 14:00:00,800,66.015,1.983,406,340,2023-06-26,2023-06,1.439,34.903
0.034,1,34.901,1,2023-06-26 15:00:00,800,66.015,1.983,406,340,2023-06-26,2023-06,1.464,34.903
0.040,1,34.898,1,2023-06-26 16:00:00,800,66.015,1.983,406,340,2023-06-26,2023-06,1.477,34.903
0.025,1,34.899,1,2023-06-26 17:00:00,800,66.015,1.983,406,340,2023-06-26,2023-06,1.479,34.903
0.031,1,34.900,1,2023-06-26 18:00:00,800,66.015,1.983,406,340,2023-06-26,2023-06,1.474,34.903
0.032,1,34.900,1,2023-06-26 19:00:00,800,66.015,1.983,406,340,2023-06-26,2023-06,1.467,34.903
0.010,1,34.901,1,2023-06-26 20:00:00,800,66.015,1.983,406,340,2023-06-26,2023-06,1.458,34.903
0.019,1,34.899,1,2023-06-26 21:00:00,800,66.015,1.983,406,340,2023-06-26,2023-06,1.452,34.903
0.010,1,34.899,1,2023-06-26 22:00:00,800,66.015,1.983,406,340,2023-06-26,2023-06,1.445,34.903
0.009,1,34.900,1,2023-06-26 23:00:00,800,66.015,1.983,406,340,2023-06-26,2023-06,1.437,34.903
0.018,1,34.902,1,2023-06-27 00:00:00,800,66.015,1.983,406,340,2023-06-27,2023-06,1.456,34.903
0.012,1,34.901,1,2023-06-27 01:00:00,800,66.015,1.983,406,340,2023-06-27,2023-06,1.473,34.903
0.025,1,34.901,1,2023-06-27 02:00:00,800,66.015,1.983,406,340,2023-06-27,2023-06,1.500,34.903
-0.010,1,34.905,1,2023-06-27 03:00:00,800,66.015,1.983,406,340,2023-06-27,2023-06,1.527,34.903
-0.019,1,34.905,1,2023-06-27 04:00:00,800,66.015,1.983,406,340,2023-06-27,2023-06,1.537,34.903
-0.020,1,34.903,1,2023-06-27 05:00:00,800,66.015,1.983,406,340,2023-06-27,2023-06,1.530,34.903
-0.013,1,34.899,1,2023-06-27 06:00:00,800,66.015,1.983,406,340,2023-06-27,2023-06,1.510,34.903
-0.004,1,34.901,1,2023-06-27 07:00:00,800,66.015,1.983,406,340,2023-06-27,2023-06,1.491,34.903
-0.016,1,34.901,1,2023-06-27 08:00:00,800,66.015,1.983,406,340,2023-06-27,2023-06,1.472,34.903
-0.011,1,34.900,1,2023-06-27 09:00:00,800,66.015,1.983,406,340,2023-06-27,2023-06,1.456,34.903
-0.025,1,34.902,1,2023-06-27 10:00:00,800,66.015,1.983,406,340,2023-06-27,2023-06,1.443,34.903
-0.012,1,34.898,1,2023-06-27 11:00:00,800,66.015,1.983,406,340,2023-06-27,2023-06,1.438,34.903
-0.031,1,34.907,1,2023-06-27 12:00:00,800,66.015,1.983,406,340,2023-06-27,2023-06,1.442,34.903
-0.020,1,34.899,1,2023-06-27 13:00:00,800,66.015,1.983,406,340,2023-06-27,2023-06,1.458,34.903
-0.021,1,34.901,1,2023-06-27 14:00:00,800,66.015,1.983,406,340,2023-06-27,2023-06,1.480,34.903
-0.031,1,34.903,1,2023-06-27 15:00:00,800,66.015,1.983,406,340,2023-06-27,2023-06,1.502,34.903
-0.026,1,34.901,1,2023-06-27 16:00:00,800,66.015,1.983,406,340,2023-06-27,2023-06,1.514,34.903
-0.039,1,34.902,1,2023-06-27 17:00:00,800,66.015,1.983,406,340,2023-06-27,2023-06,1.513,34.903
-0.043,1,34.903,1,2023-06-27 18:00:00,800,66.015,1.983,406,340,2023-06-27,2023-06,1.495,34.903
-0.046,1,34.903,1,2023-06-27 19:00:00,800,66.015,1.983,406,340,2023-06-27,2023-06,1.468,34.903
-0.066,1,34.903,1,2023-06-27 20:00:00,800,66.015,1.983,406,340,2023-06-27,2023-06,1.439,34.903
-0.088,1,34.903,1,2023-06-27 21:00:00,800,66.015,1.983,406,340,2023-06-27,2023-06,1.414,34.903
-0.086,1,34.904,1,2023-06-27 22:00:00,800,66.015,1.983,406,340,2023-06-27,2023-06,1.394,34.903
-0.061,1,34.903,1,2023-06-27 23:00:00,800,66.015,1.983,406,340,2023-06-27,2023-06,1.377,34.903
-0.028,1,34.903,1,2023-06-28 00:00:00,800,66.015,1.983,406,340,2023-06-28,2023-06,1.390,34.903
-0.019,1,34.903,1,2023-06-28 01:00:00,800,66.015,1.983,406,340,2023-06-28,2023-06,1.388,34.903
-0.051,1,34.904,1,2023-06-28 02:00:00,800,66.015,1.983,406,340,2023-06-28,2023-06,1.396,34.903
-0.042,1,34.903,1,2023-06-28 03:00:00,800,66.015,1.983,406,340,2023-06-28,2023-06,1.409,34.903
-0.063,1,34.904,1,2023-06-28 04:00:00,800,66.015,1.983,406,340,2023-06-28,2023-06,1.413,34.903
-0.060,1,34.900,1,2023-06-28 05:00:00,800,66.015,1.983,406,340,2023-06-28,2023-06,1.405,34.903
-0.064,1,34.903,1,2023-06-28 06:00:00,800,66.015,1.983,406,340,2023-06-28,2023-06,1.382,34.903
-0.085,1,34.902,1,2023-06-28 07:00:00,800,66.015,1.983,406,340,2023-06-28,2023-06,1.361,34.903
-0.088,1,34.904,1,2023-06-28 08:00:00,800,66.015,1.983,406,340,2023-06-28,2023-06,1.353,34.903
-0.080,1,34.903,1,2023-06-28 09:00:00,800,66.015,1.983,406,340,2023-06-28,2023-06,1.345,34.903
-0.076,1,34.903,1,2023-06-28 10:00:00,800,66.015,1.983,406,340,2023-06-28,2023-06,1.336,34.903
-0.065,1,34.903,1,2023-06-28 11:00:00,800,66.015,1.983,406,340,2023-06-28,2023-06,1.329,34.903
-0.036,1,34.903,1,2023-06-28 12:00:00,800,66.015,1.983,406,340,2023-06-28,2023-06,1.325,34.903
-0.037,1,34.902,1,2023-06-28 13:00:00,800,66.015,1.983,406,340,2023-06-28,2023-06,1.330,34.903
-0.059,1,34.903,1,2023-06-28 14:00:00,800,66.015,1.983,406,340,2023-06-28,2023-06,1.343,34.903
-0.080,1,34.903,1,2023-06-28 15:00:00,800,66.015,1.983,406,340,2023-06-28,2023-06,1.366,34.903
-0.075,1,34.903,1,2023-06-28 16:00:00,800,66.015,1.983,406,340,2023-06-28,2023-06,1.387,34.903
-0.067,1,34.901,1,2023-06-28 17:00:00,800,66.015,1.983,406,340,2023-06-28,2023-06,1.392,34.903
-0.073,1,34.903,1,2023-06-28 18:00:00,800,66.015,1.983,406,340,2023-06-28,2023-06,1.380,34.903
-0.074,1,34.903,1,2023-06-28 19:00:00,800,66.015,1.983,406,340,2023-06-28,2023-06,1.366,34.903
-0.092,1,34.904,1,2023-06-28 20:00:00,800,66.015,1.983,406,340,2023-06-28,2023-06,1.357,34.903
-0.093,1,34.905,1,2023-06-28 21:00:00,800,66.015,1.983,406,340,2023-06-28,2023-06,1.352,34.903
-0.068,1,34.907,1,2023-06-28 22:00:00,800,66.015,1.983,406,340,2023-06-28,2023-06,1.341,34.903
-0.069,1,34.901,1,2023-06-28 23:00:00,800,66.015,1.983,406,340,2023-06-28,2023-06,1.324,34.903
-0.068,1,34.900,1,2023-06-29 00:00:00,800,66.015,1.983,406,340,2023-06-29,2023-06,1.328,34.903
-0.049,1,34.905,1,2023-06-29 01:00:00,800,66.015,1.983,406,340,2023-06-29,2023-06,1.319,34.903
-0.036,1,34.904,1,2023-06-29 02:00:00,800,66.015,1.983,406,340,2023-06-29,2023-06,1.329,34.903
-0.030,1,34.902,1,2023-06-29 03:00:00,800,66.015,1.983,406,340,2023-06-29,2023-06,1.356,34.903
-0.045,1,34.908,1,2023-06-29 04:00:00,800,66.015,1.983,406,340,2023-06-29,2023-06,1.389,34.903
-0.080,1,34.903,1,2023-06-29 05:00:00,800,66.015,1.983,406,340,2023-06-29,2023-06,1.421,34.903
-0.093,1,34.904,1,2023-06-29 06:00:00,800,66.015,1.983,406,340,2023-06-29,2023-06,1.435,34.903
-0.103,1,34.904,1,2023-06-29 07:00:00,800,66.015,1.983,406,340,2023-06-29,2023-06,1.433,34.903
-0.105,1,34.903,1,2023-06-29 08:00:00,800,66.015,1.983,406,340,2023-06-29,2023-06,1.426,34.903
-0.110,1,34.903,1,2023-06-29 09:00:00,800,66.015,1.983,406,340,2023-06-29,2023-06,1.419,34.903
-0.117,1,34.904,1,2023-06-29 10:00:00,800,66.015,1.983,406,340,2023-06-29,2023-06,1.409,34.903
-0.114,1,34.904,1,2023-06-29 11:00:00,800,66.015,1.983,406,340,2023-06-29,2023-06,1.399,34.903
-0.082,1,34.902,1,2023-06-29 12:00:00,800,66.015,1.983,406,340,2023-06-29,2023-06,1.392,34.903
-0.080,1,34.903,1,2023-06-29 13:00:00,800,66.015,1.983,406,340,2023-06-29,2023-06,1.391,34.903
-0.074,1,34.903,1,2023-06-29 14:00:00,800,66.015,1.983,406,340,2023-06-29,2023-06,1.401,34.903
-0.066,1,34.903,1,2023-06-29 15:00:00,800,66.015,1.983,406,340,2023-06-29,2023-06,1.424,34.903
-0.069,1,34.903,1,2023-06-29 16:00:00,800,66.015,1.983,406,340,2023-06-29,2023-06,1.458,34.903
-0.079,1,34.905,1,2023-06-29 17:00:00,800,66.015,1.983,406,340,2023-06-29,2023-06,1.489,34.903
-0.099,1,34.904,1,2023-06-29 18:00:00,800,66.015,1.983,406,340,2023-06-29,2023-06,1.507,34.903
-0.122,1,34.899,1,2023-06-29 19:00:00,800,66.015,1.983,406,340,2023-06-29,2023-06,1.507,34.903
-0.131,1,34.900,1,2023-06-29 20:00:00,800,66.015,1.983,406,340,2023-06-29,2023-06,1.491,34.903
-0.139,1,34.905,1,2023-06-29 21:00:00,800,66.015,1.983,406,340,2023-06-29,2023-06,1.467,34.903
-0.116,1,34.904,1,2023-06-29 22:00:00,800,66.015,1.983,406,340,2023-06-29,2023-06,1.442,34.903
-0.136,1,34.905,1,2023-06-29 23:00:00,800,66.015,1.983,406,340,2023-06-29,2023-06,1.419,34.903
-0.104,1,34.904,1,2023-06-30 00:00:00,800,66.015,1.983,406,340,2023-06-30,2023-06,1.407,34.903
-0.094,1,34.903,1,2023-06-30 01:00:00,800,66.015,1.983,406,340,2023-06-30,2023-06,1.396,34.903
-0.097,1,34.902,1,2023-06-30 02:00:00,800,66.015,1.983,406,340,2023-06-30,2023-06,1.400,34.903
-0.089,1,34.904,1,2023-06-30 03:00:00,800,66.015,1.983,406,340,2023-06-30,2023-06,1.421,34.903
-0.103,1,34.906,1,2023-06-30 04:00:00,800,66.015,1.983,406,340,2023-06-30,2023-06,1.456,34.903
-0.111,1,34.905,1,2023-06-30 05:00:00,800,66.015,1.983,406,340,2023-06-30,2023-06,1.496,34.903
-0.099,1,34.901,1,2023-06-30 06:00:00,800,66.015,1.983,406,340,2023-06-30,2023-06,1.513,34.903
-0.106,1,34.905,1,2023-06-30 07:00:00,800,66.015,1.983,406,340,2023-06-30,2023-06,1.512,34.903
-0.123,1,34.907,1,2023-06-30 08:00:00,800,66.015,1.983,406,340,2023-06-30,2023-06,1.499,34.903
-0.145,1,34.905,1,2023-06-30 09:00:00,800,66.015,1.983,406,340,2023-06-30,2023-06,1.478,34.903
-0.151,1,34.906,1,2023-06-30 10:00:00,800,66.015,1.983,406,340,2023-06-30,2023-06,1.458,34.903
-0.137,1,34.903,1,2023-06-30 11:00:00,800,66.015,1.983,406,340,2023-06-30,2023-06,1.444,34.903
-0.111,1,34.903,1,2023-06-30 12:00:00,800,66.015,1.983,406,340,2023-06-30,2023-06,1.436,34.903
-0.129,1,34.905,1,2023-06-30 13:00:00,800,66.015,1.983,406,340,2023-06-30,2023-06,1.435,34.903
-0.129,1,34.904,1,2023-06-30 14:00:00,800,66.015,1.983,406,340,2023-06-30,2023-06,1.442,34.903
-0.148,1,34.905,1,2023-06-30 15:00:00,800,66.015,1.983,406,340,2023-06-30,2023-06,1.456,34.903
-0.133,1,34.904,1,2023-06-30 16:00:00,800,66.015,1.983,406,340,2023-06-30,2023-06,1.480,34.903
-0.110,1,34.903,1,2023-06-30 17:00:00,800,66.015,1.983,406,340,2023-06-30,2023-06,1.513,34.903
-0.122,1,34.907,1,2023-06-30 18:00:00,800,66.015,1.983,406,340,2023-06-30,2023-06,1.543,34.903
-0.133,1,34.903,1,2023-06-30 19:00:00,800,66.015,1.983,406,340,2023-06-30,2023-06,1.558,34.903
-0.146,1,34.907,1,2023-06-30 20:00:00,800,66.015,1.983,406,340,2023-06-30,2023-06,1.551,34.903
-0.137,1,34.905,1,2023-06-30 21:00:00,800,66.015,1.983,406,340,2023-06-30,2023-06,1.533,34.903
-0.157,1,34.904,1,2023-06-30 22:00:00,800,66.015,1.983,406,340,2023-06-30,2023-06,1.508,34.903
-0.163,1,34.904,1,2023-06-30 23:00:00,800,66.015,1.983,406,340,2023-06-30,2023-06,1.479,34.903
