DEPTH,TIME,TEMP,TEMP_QC,PSAL,PSAL_QC,LON,LAT,X,Y,DAY,year_month,TEMP_MOD,SALT_MOD
500.000,2020-08-25 12:00:00,3.439,1.000,34.928,1.000,2.203,65.829,400,333,2020-08-25,2020-08,3.811,34.954
500.000,2020-08-25 13:00:00,3.246,1.000,34.923,1.000,2.203,65.829,400,333,2020-08-25,2020-08,3.832,34.955
500.000,2020-08-25 14:00:00,3.310,1.000,34.927,1.000,2.203,65.829,400,333,2020-08-25,2020-08,3.849,34.955
500.000,2020-08-25 15:00:00,3.200,1.000,34.920,1.000,2.203,65.829,400,333,2020-08-25,2020-08,3.850,34.955
500.000,2020-08-25 16:00:00,3.305,1.000,34.922,1.000,2.203,65.829,400,333,2020-08-25,2020-08,3.840,34.955
500.000,2020-08-25 17:00:00,3.385,1.000,34.920,1.000,2.203,65.829,400,333,2020-08-25,2020-08,3.830,34.955
500.000,2020-08-25 18:00:00,3.321,1.000,34.924,1.000,2.203,65.829,400,333,2020-08-25,2020-08,3.825,34.954
500.000,2020-08-25 19:00:00,3.307,1.000,34.923,1.000,2.203,65.829,400,333,2020-08-25,2020-08,3.825,34.954
500.000,2020-08-25 20:00:00,3.213,1.000,34.918,1.000,2.203,65.829,400,333,2020-08-25,2020-08,3.822,34.954
500.000,2020-08-25 21:00:00,3.475,1.000,34.928,1.000,2.203,65.829,400,333,2020-08-25,2020-08,3.808,34.954
500.000,2020-08-25 22:00:00,3.479,1.000,34.931,1.000,2.203,65.829,400,333,2020-08-25,2020-08,3.789,34.954
500.000,2020-08-25 23:00:00,3.340,1.000,34.928,1.000,2.203,65.829,400,333,2020-08-25,2020-08,3.779,34.954
500.000,2020-08-26 00:00:00,3.545,1.000,34.928,1.000,2.203,65.829,400,333,2020-08-26,2020-08,1.162,34.925
500.000,2020-08-26 01:00:00,3.040,1.000,34.921,1.000,2.203,65.829,400,333,2020-08-26,2020-08,1.176,34.925
500.000,2020-08-26 02:00:00,3.032,1.000,34.908,1.000,2.203,65.829,400,333,2020-08-26,2020-08,1.189,34.925
500.000,2020-08-26 03:00:00,3.158,1.000,34.911,1.000,2.203,65.829,400,333,2020-08-26,2020-08,1.191,34.925
500.000,2020-08-26 04:00:00,3.081,1.000,34.913,1.000,2.203,65.829,400,333,2020-08-26,2020-08,1.191,34.925
500.000,2020-08-26 05:00:00,3.109,1.000,34.908,1.000,2.203,65.829,400,333,2020-08-26,2020-08,1.191,34.925
500.000,2020-08-26 06:00:00,3.053,1.000,34.915,1.000,2.203,65.829,400,333,2020-08-26,2020-08,1.190,34.925
500.000,2020-08-26 07:00:00,3.118,1.000,34.905,1.000,2.203,65.829,400,333,2020-08-26,2020-08,1.184,34.925
500.000,2020-08-26 08:00:00,3.231,1.000,34.910,1.000,2.203,65.829,400,333,2020-08-26,2020-08,1.171,34.925
500.000,2020-08-26 09:00:00,3.119,1.000,34.907,1.000,2.203,65.829,400,333,2020-08-26,2020-08,1.149,34.924
500.000,2020-08-26 10:00:00,3.148,1.000,34.908,1.000,2.203,65.829,400,333,2020-08-26,2020-08,1.127,34.924
500.000,2020-08-26 11:00:00,3.077,1.000,34.905,1.000,2.203,65.829,400,333,2020-08-26,2020-08,1.115,34.924
500.000,2020-08-26 12:00:00,3.111,1.000,34.906,1.000,2.203,65.829,400,333,2020-08-26,2020-08,0.353,34.919
500.000,2020-08-26 13:00:00,3.195,1.000,34.912,1.000,2.203,65.829,400,333,2020-08-26,2020-08,0.350,34.919
500.000,2020-08-26 14:00:00,3.285,1.000,34.897,1.000,2.203,65.829,400,333,2020-08-26,2020-08,0.348,34.919
500.000,2020-08-26 15:00:00,2.943,1.000,34.909,1.000,2.203,65.829,400,333,2020-08-26,2020-08,0.346,34.919
500.000,2020-08-26 16:00:00,2.798,1.000,34.906,1.000,2.203,65.829,400,333,2020-08-26,2020-08,0.347,34.919
500.000,2020-08-26 17:00:00,2.831,1.000,34.895,1.000,2.203,65.829,400,333,2020-08-26,2020-08,0.353,34.919
500.000,2020-08-26 18:00:00,3.012,1.000,34.913,1.000,2.203,65.829,400,333,2020-08-26,2020-08,0.360,34.919
500.000,2020-08-26 19:00:00,3.220,1.000,34.915,1.000,2.203,65.829,400,333,2020-08-26,2020-08,0.366,34.919
500.000,2020-08-26 20:00:00,3.161,1.000,34.915,1.000,2.203,65.829,400,333,2020-08-26,2020-08,0.364,34.919
500.000,2020-08-26 21:00:00,3.174,1.000,34.917,1.000,2.203,65.829,400,333,2020-08-26,2020-08,0.354,34.919
500.000,2020-08-26 22:00:00,3.134,1.000,34.913,1.000,2.203,65.829,400,333,2020-08-26,2020-08,0.341,34.919
500.000,2020-08-26 23:00:00,3.195,1.000,34.916,1.000,2.203,65.829,400,333,2020-08-26,2020-08,0.330,34.919
500.000,2020-08-27 00:00:00,3.126,1.000,34.908,1.000,2.203,65.829,400,333,2020-08-27,2020-08,-0.048,34.918
500.000,2020-08-27 01:00:00,2.982,1.000,34.905,1.000,2.203,65.829,400,333,2020-08-27,2020-08,-0.052,34.918
500.000,2020-08-27 02:00:00,2.987,1.000,34.906,1.000,2.203,65.829,400,333,2020-08-27,2020-08,-0.056,34.918
500.000,2020-08-27 03:00:00,2.896,1.000,34.910,1.000,2.203,65.829,400,333,2020-08-27,2020-08,-0.059,34.918
500.000,2020-08-27 04:00:00,2.841,1.000,34.911,1.000,2.203,65.829,400,333,2020-08-27,2020-08,-0.059,34.918
500.000,2020-08-27 05:00:00,3.092,1.000,34.915,1.000,2.203,65.829,400,333,2020-08-27,2020-08,-0.057,34.918
500.000,2020-08-27 06:00:00,2.777,1.000,34.904,1.000,2.203,65.829,400,333,2020-08-27,2020-08,-0.052,34.918
500.000,2020-08-27 07:00:00,3.019,1.000,34.912,1.000,2.203,65.829,400,333,2020-08-27,2020-08,-0.048,34.918
500.000,2020-08-27 08:00:00,3.054,1.000,34.919,1.000,2.203,65.829,400,333,2020-08-27,2020-08,-0.048,34.918
500.000,2020-08-27 09:00:00,3.157,1.000,34.919,1.000,2.203,65.829,400,333,2020-08-27,2020-08,-0.051,34.918
500.000,2020-08-27 10:00:00,3.138,1.000,34.917,1.000,2.203,65.829,400,333,2020-08-27,2020-08,-0.058,34.918
500.000,2020-08-27 11:00:00,2.920,1.000,34.917,1.000,2.203,65.829,400,333,2020-08-27,2020-08,-0.064,34.919
500.000,2020-08-27 12:00:00,3.104,1.000,34.916,1.000,2.203,65.829,400,333,2020-08-27,2020-08,-0.528,34.930
500.000,2020-08-27 13:00:00,3.307,1.000,34.918,1.000,2.203,65.829,400,333,2020-08-27,2020-08,-0.531,34.931
500.000,2020-08-27 14:00:00,3.096,1.000,34.919,1.000,2.203,65.829,400,333,2020-08-27,2020-08,-0.533,34.931
500.000,2020-08-27 15:00:00,2.890,1.000,34.903,1.000,2.203,65.829,400,333,2020-08-27,2020-08,-0.535,34.931
500.000,2020-08-27 16:00:00,3.009,1.000,34.910,1.000,2.203,65.829,400,333,2020-08-27,2020-08,-0.537,34.931
500.000,2020-08-27 17:00:00,3.117,1.000,34.917,1.000,2.203,65.829,400,333,2020-08-27,2020-08,-0.537,34.931
500.000,2020-08-27 18:00:00,3.057,1.000,34.891,1.000,2.203,65.829,400,333,2020-08-27,2020-08,-0.535,34.931
500.000,2020-08-27 19:00:00,2.772,1.000,34.908,1.000,2.203,65.829,400,333,2020-08-27,2020-08,-0.534,34.931
500.000,2020-08-27 20:00:00,2.759,1.000,34.899,1.000,2.203,65.829,400,333,2020-08-27,2020-08,-0.533,34.931
500.000,2020-08-27 21:00:00,3.032,1.000,34.913,1.000,2.203,65.829,400,333,2020-08-27,2020-08,-0.533,34.931
500.000,2020-08-27 22:00:00,3.126,1.000,34.916,1.000,2.203,65.829,400,333,2020-08-27,2020-08,-0.533,34.931
500.000,2020-08-27 23:00:00,3.288,1.000,34.912,1.000,2.203,65.829,400,333,2020-08-27,2020-08,-0.534,34.931
500.000,2020-08-28 00:00:00,3.367,1.000,34.922,1.000,2.203,65.829,400,333,2020-08-28,2020-08,3.780,34.954
500.000,2020-08-28 01:00:00,3.397,1.000,34.926,1.000,2.203,65.829,400,333,2020-08-28,2020-08,3.789,34.954
500.000,2020-08-28 02:00:00,3.472,1.000,34.915,1.000,2.203,65.829,400,333,2020-08-28,2020-08,3.800,34.954
500.000,2020-08-28 03:00:00,3.421,1.000,34.924,1.000,2.203,65.829,400,333,2020-08-28,2020-08,3.804,34.954
500.000,2020-08-28 04:00:00,3.421,1.000,34.882,1.000,2.203,65.829,400,333,2020-08-28,2020-08,3.795,34.954
500.000,2020-08-28 05:00:00,3.297,1.000,34.920,1.000,2.203,65.829,400,333,2020-08-28,2020-08,3.784,34.954
500.000,2020-08-28 06:00:00,3.311,1.000,34.900,1.000,2.203,65.829,400,333,2020-08-28,2020-08,3.787,34.954
500.000,2020-08-28 07:00:00,3.224,1.000,34.905,1.000,2.203,65.829,400,333,2020-08-28,2020-08,3.806,34.954
500.000,2020-08-28 08:00:00,3.280,1.000,34.917,1.000,2.203,65.829,400,333,2020-08-28,2020-08,3.827,34.954
500.000,2020-08-28 09:00:00,3.292,1.000,34.917,1.000,2.203,65.829,400,333,2020-08-28,2020-08,3.828,34.955
500.000,2020-08-28 10:00:00,3.227,1.000,34.923,1.000,2.203,65.829,400,333,2020-08-28,2020-08,3.806,34.954
500.000,2020-08-28 11:00:00,3.420,1.000,34.912,1.000,2.203,65.829,400,333,2020-08-28,2020-08,3.774,34.954
500.000,2020-08-28 12:00:00,3.456,1.000,34.895,1.000,2.203,65.829,400,333,2020-08-28,2020-08,3.759,34.954
500.000,2020-08-28 13:00:00,3.503,1.000,34.892,1.000,2.203,65.829,400,333,2020-08-28,2020-08,3.776,34.954
500.000,2020-08-28 14:00:00,3.482,1.000,34.910,1.000,2.203,65.829,400,333,2020-08-28,2020-08,3.813,34.954
500.000,2020-08-28 15:00:00,3.464,1.000,34.907,1.000,2.203,65.829,400,333,2020-08-28,2020-08,3.827,34.955
500.000,2020-08-28 16:00:00,3.497,1.000,34.911,1.000,2.203,65.829,400,333,2020-08-28,2020-08,3.820,34.954
500.000,2020-08-28 17:00:00,3.545,1.000,34.910,1.000,2.203,65.829,400,333,2020-08-28,2020-08,3.812,34.954
500.000,2020-08-28 18:00:00,3.516,1.000,34.921,1.000,2.203,65.829,400,333,2020-08-28,2020-08,3.818,34.954
500.000,2020-08-28 19:00:00,3.808,1.000,34.926,1.000,2.203,65.829,400,333,2020-08-28,2020-08,3.832,34.955
500.000,2020-08-28 20:00:00,3.606,1.000,34.919,1.000,2.203,65.829,400,333,2020-08-28,2020-08,3.844,34.955
500.000,2020-08-28 21:00:00,3.727,1.000,34.908,1.000,2.203,65.829,400,333,2020-08-28,2020-08,3.841,34.955
500.000,2020-08-28 22:00:00,3.674,1.000,34.905,1.000,2.203,65.829,400,333,2020-08-28,2020-08,3.817,34.954
500.000,2020-08-28 23:00:00,3.740,1.000,34.904,1.000,2.203,65.829,400,333,2020-08-28,2020-08,3.784,34.954
500.000,2020-08-29 00:00:00,3.829,1.000,34.929,1.000,2.203,65.829,400,333,2020-08-29,2020-08,1.115,34.924
500.000,2020-08-29 01:00:00,3.643,1.000,34.915,1.000,2.203,65.829,400,333,2020-08-29,2020-08,1.122,34.924
500.000,2020-08-29 02:00:00,3.904,1.000,34.920,1.000,2.203,65.829,400,333,2020-08-29,2020-08,1.132,34.924
500.000,2020-08-29 03:00:00,3.922,1.000,34.933,1.000,2.203,65.829,400,333,2020-08-29,2020-08,1.140,34.924
500.000,2020-08-29 04:00:00,3.842,1.000,34.925,1.000,2.203,65.829,400,333,2020-08-29,2020-08,1.141,34.924
500.000,2020-08-29 05:00:00,3.783,1.000,34.941,1.000,2.203,65.829,400,333,2020-08-29,2020-08,1.141,34.924
500.000,2020-08-29 06:00:00,3.743,1.000,34.939,1.000,2.203,65.829,400,333,2020-08-29,2020-08,1.145,34.924
500.000,2020-08-29 07:00:00,3.820,1.000,34.934,1.000,2.203,65.829,400,333,2020-08-29,2020-08,1.156,34.924
500.000,2020-08-29 08:00:00,3.599,1.000,34.925,1.000,2.203,65.829,400,333,2020-08-29,2020-08,1.163,34.924
500.000,2020-08-29 09:00:00,3.786,1.000,34.933,1.000,2.203,65.829,400,333,2020-08-29,2020-08,1.154,34.924
500.000,2020-08-29 10:00:00,3.722,1.000,34.929,1.000,2.203,65.829,400,333,2020-08-29,2020-08,1.132,34.924
500.000,2020-08-29 11:00:00,3.684,1.000,34.935,1.000,2.203,65.829,400,333,2020-08-29,2020-08,1.109,34.924
500.000,2020-08-29 12:00:00,4.216,1.000,34.916,1.000,2.203,65.829,400,333,2020-08-29,2020-08,1.103,34.924
500.000,2020-08-29 13:00:00,3.934,1.000,34.935,1.000,2.203,65.829,400,333,2020-08-29,2020-08,1.122,34.924
500.000,2020-08-29 14:00:00,3.824,1.000,34.939,1.000,2.203,65.829,400,333,2020-08-29,2020-08,1.155,34.924
500.000,2020-08-29 15:00:00,3.834,1.000,34.934,1.000,2.203,65.829,400,333,2020-08-29,2020-08,1.172,34.925
500.000,2020-08-29 16:00:00,3.836,1.000,34.927,1.000,2.203,65.829,400,333,2020-08-29,2020-08,1.171,34.925
500.000,2020-08-29 17:00:00,3.774,1.000,34.933,1.000,2.203,65.829,400,333,2020-08-29,2020-08,1.172,34.925
500.000,2020-08-29 18:00:00,3.710,1.000,34.931,1.000,2.203,65.829,400,333,2020-08-29,2020-08,1.179,34.925
500.000,2020-08-29 19:00:00,3.854,1.000,34.933,1.000,2.203,65.829,400,333,2020-08-29,2020-08,1.186,34.925
500.000,2020-08-29 20:00:00,3.850,1.000,34.931,1.000,2.203,65.829,400,333,2020-08-29,2020-08,1.186,34.925
500.000,2020-08-29 21:00:00,3.703,1.000,34.927,1.000,2.203,65.829,400,333,2020-08-29,2020-08,1.173,34.925
500.000,2020-08-29 22:00:00,3.745,1.000,34.937,1.000,2.203,65.829,400,333,2020-08-29,2020-08,1.149,34.924
500.000,2020-08-29 23:00:00,3.909,1.000,34.943,1.000,2.203,65.829,400,333,2020-08-29,2020-08,1.125,34.924
500.000,2020-08-30 00:00:00,3.957,1.000,34.943,1.000,2.203,65.829,400,333,2020-08-30,2020-08,0.322,34.919
500.000,2020-08-30 01:00:00,3.882,1.000,34.926,1.000,2.203,65.829,400,333,2020-08-30,2020-08,0.317,34.919
500.000,2020-08-30 02:00:00,3.826,1.000,34.932,1.000,2.203,65.829,400,333,2020-08-30,2020-08,0.315,34.919
500.000,2020-08-30 03:00:00,3.882,1.000,34.938,1.000,2.203,65.829,400,333,2020-08-30,2020-08,0.316,34.919
500.000,2020-08-30 04:00:00,3.755,1.000,34.939,1.000,2.203,65.829,400,333,2020-08-30,2020-08,0.319,34.919
500.000,2020-08-30 05:00:00,3.900,1.000,34.930,1.000,2.203,65.829,400,333,2020-08-30,2020-08,0.325,34.919
500.000,2020-08-30 06:00:00,3.878,1.000,34.940,1.000,2.203,65.829,400,333,2020-08-30,2020-08,0.334,34.919
500.000,2020-08-30 07:00:00,3.578,1.000,34.956,1.000,2.203,65.829,400,333,2020-08-30,2020-08,0.345,34.919
500.000,2020-08-30 08:00:00,3.907,1.000,34.968,1.000,2.203,65.829,400,333,2020-08-30,2020-08,0.352,34.919
500.000,2020-08-30 09:00:00,3.944,1.000,34.966,1.000,2.203,65.829,400,333,2020-08-30,2020-08,0.350,34.919
500.000,2020-08-30 10:00:00,3.920,1.000,34.947,1.000,2.203,65.829,400,333,2020-08-30,2020-08,0.338,34.919
500.000,2020-08-30 11:00:00,3.834,1.000,34.950,1.000,2.203,65.829,400,333,2020-08-30,2020-08,0.326,34.919
500.000,2020-08-30 12:00:00,3.727,1.000,34.949,1.000,2.203,65.829,400,333,2020-08-30,2020-08,0.320,34.919
500.000,2020-08-30 13:00:00,3.756,1.000,34.931,1.000,2.203,65.829,400,333,2020-08-30,2020-08,0.324,34.919
500.000,2020-08-30 14:00:00,3.882,1.000,34.935,1.000,2.203,65.829,400,333,2020-08-30,2020-08,0.336,34.919
500.000,2020-08-30 15:00:00,3.872,1.000,34.936,1.000,2.203,65.829,400,333,2020-08-30,2020-08,0.342,34.919
500.000,2020-08-30 16:00:00,3.714,1.000,34.935,1.000,2.203,65.829,400,333,2020-08-30,2020-08,0.343,34.919
500.000,2020-08-30 17:00:00,3.717,1.000,34.939,1.000,2.203,65.829,400,333,2020-08-30,2020-08,0.347,34.919
500.000,2020-08-30 18:00:00,3.523,1.000,34.916,1.000,2.203,65.829,400,333,2020-08-30,2020-08,0.355,34.919
500.000,2020-08-30 19:00:00,3.355,1.000,34.912,1.000,2.203,65.829,400,333,2020-08-30,2020-08,0.362,34.919
500.000,2020-08-30 20:00:00,3.410,1.000,34.913,1.000,2.203,65.829,400,333,2020-08-30,2020-08,0.365,34.919
500.000,2020-08-30 21:00:00,3.557,1.000,34.910,1.000,2.203,65.829,400,333,2020-08-30,2020-08,0.360,34.919
500.000,2020-08-30 22:00:00,3.435,1.000,34.912,1.000,2.203,65.829,400,333,2020-08-30,2020-08,0.348,34.919
500.000,2020-08-30 23:00:00,3.363,1.000,34.912,1.000,2.203,65.829,400,333,2020-08-30,2020-08,0.336,34.919
500.000,2020-08-31 00:00:00,3.209,1.000,34.913,1.000,2.203,65.829,400,333,2020-08-31,2020-08,-0.070,34.919
500.000,2020-08-31 01:00:00,3.534,1.000,34.909,1.000,2.203,65.829,400,333,2020-08-31,2020-08,-0.074,34.919
500.000,2020-08-31 02:00:00,3.299,1.000,34.905,1.000,2.203,65.829,400,333,2020-08-31,2020-08,-0.077,34.919
500.000,2020-08-31 03:00:00,3.575,1.000,34.910,1.000,2.203,65.829,400,333,2020-08-31,2020-08,-0.079,34.919
500.000,2020-08-31 04:00:00,3.487,1.000,34.911,1.000,2.203,65.829,400,333,2020-08-31,2020-08,-0.077,34.919
500.000,2020-08-31 05:00:00,3.387,1.000,34.914,1.000,2.203,65.829,400,333,2020-08-31,2020-08,-0.073,34.918
500.000,2020-08-31 06:00:00,3.425,1.000,34.910,1.000,2.203,65.829,400,333,2020-08-31,2020-08,-0.066,34.918
500.000,2020-08-31 07:00:00,3.121,1.000,34.912,1.000,2.203,65.829,400,333,2020-08-31,2020-08,-0.058,34.918
500.000,2020-08-31 08:00:00,3.284,1.000,34.911,1.000,2.203,65.829,400,333,2020-08-31,2020-08,-0.053,34.918
500.000,2020-08-31 09:00:00,3.283,1.000,34.900,1.000,2.203,65.829,400,333,2020-08-31,2020-08,-0.054,34.918
500.000,2020-08-31 10:00:00,3.432,1.000,34.912,1.000,2.203,65.829,400,333,2020-08-31,2020-08,-0.060,34.918
500.000,2020-08-31 11:00:00,3.386,1.000,34.917,1.000,2.203,65.829,400,333,2020-08-31,2020-08,-0.066,34.919
500.000,2020-08-31 12:00:00,3.234,1.000,34.907,1.000,2.203,65.829,400,333,2020-08-31,2020-08,-0.070,34.919
500.000,2020-08-31 13:00:00,3.570,1.000,34.945,1.000,2.203,65.829,400,333,2020-08-31,2020-08,-0.069,34.919
500.000,2020-08-31 14:00:00,3.431,1.000,34.943,1.000,2.203,65.829,400,333,2020-08-31,2020-08,-0.065,34.919
500.000,2020-08-31 15:00:00,3.424,1.000,34.913,1.000,2.203,65.829,400,333,2020-08-31,2020-08,-0.062,34.918
500.000,2020-08-31 16:00:00,3.590,1.000,34.942,1.000,2.203,65.829,400,333,2020-08-31,2020-08,-0.060,34.918
500.000,2020-08-31 17:00:00,3.516,1.000,34.938,1.000,2.203,65.829,400,333,2020-08-31,2020-08,-0.056,34.918
500.000,2020-08-31 18:00:00,3.401,1.000,34.934,1.000,2.203,65.829,400,333,2020-08-31,2020-08,-0.051,34.918
500.000,2020-08-31 19:00:00,3.203,1.000,34.920,1.000,2.203,65.829,400,333,2020-08-31,2020-08,-0.045,34.918
500.000,2020-08-31 20:00:00,3.013,1.000,34.919,1.000,2.203,65.829,400,333,2020-08-31,2020-08,-0.043,34.918
500.000,2020-08-31 21:00:00,2.882,1.000,34.917,1.000,2.203,65.829,400,333,2020-08-31,2020-08,-0.044,34.918
500.000,2020-08-31 22:00:00,3.057,1.000,34.917,1.000,2.203,65.829,400,333,2020-08-31,2020-08,-0.050,34.918
500.000,2020-08-31 23:00:00,3.133,1.000,34.918,1.000,2.203,65.829,400,333,2020-08-31,2020-08,-0.057,34.918
800.000,2020-08-25 12:00:00,-0.158,1.000,34.916,1.000,2.203,65.829,400,333,2020-08-25,2020-08,-0.535,34.931
800.000,2020-08-25 13:00:00,-0.148,1.000,34.917,1.000,2.203,65.829,400,333,2020-08-25,2020-08,-0.537,34.931
800.000,2020-08-25 14:00:00,-0.152,1.000,34.914,1.000,2.203,65.829,400,333,2020-08-25,2020-08,-0.539,34.931
800.000,2020-08-25 15:00:00,-0.167,1.000,34.914,1.000,2.203,65.829,400,333,2020-08-25,2020-08,-0.540,34.931
800.000,2020-08-25 16:00:00,-0.159,1.000,34.914,1.000,2.203,65.829,400,333,2020-08-25,2020-08,-0.541,34.931
800.000,2020-08-25 17:00:00,-0.159,1.000,34.917,1.000,2.203,65.829,400,333,2020-08-25,2020-08,-0.540,34.931
800.000,2020-08-25 18:00:00,-0.159,1.000,34.916,1.000,2.203,65.829,400,333,2020-08-25,2020-08,-0.539,34.931
800.000,2020-08-25 19:00:00,-0.165,1.000,34.916,1.000,2.203,65.829,400,333,2020-08-25,2020-08,-0.537,34.931
800.000,2020-08-25 20:00:00,-0.169,1.000,34.917,1.000,2.203,65.829,400,333,2020-08-25,2020-08,-0.534,34.931
800.000,2020-08-25 21:00:00,-0.167,1.000,34.916,1.000,2.203,65.829,400,333,2020-08-25,2020-08,-0.532,34.931
800.000,2020-08-25 22:00:00,-0.178,1.000,34.918,1.000,2.203,65.829,400,333,2020-08-25,2020-08,-0.531,34.931
800.000,2020-08-25 23:00:00,-0.155,1.000,34.916,1.000,2.203,65.829,400,333,2020-08-25,2020-08,-0.530,34.931
800.000,2020-08-26 00:00:00,-0.155,1.000,34.916,1.000,2.203,65.829,400,333,2020-08-26,2020-08,-0.530,34.930
800.000,2020-08-26 01:00:00,-0.154,1.000,34.916,1.000,2.203,65.829,400,333,2020-08-26,2020-08,-0.530,34.931
800.000,2020-08-26 02:00:00,-0.170,1.000,34.916,1.000,2.203,65.829,400,333,2020-08-26,2020-08,-0.531,34.931
800.000,2020-08-26 03:00:00,-0.166,1.000,34.914,1.000,2.203,65.829,400,333,2020-08-26,2020-08,-0.532,34.931
800.000,2020-08-26 04:00:00,-0.171,1.000,34.915,1.000,2.203,65.829,400,333,2020-08-26,2020-08,-0.532,34.931
800.000,2020-08-26 05:00:00,-0.154,1.000,34.915,1.000,2.203,65.829,400,333,2020-08-26,2020-08,-0.532,34.931
800.000,2020-08-26 06:00:00,-0.195,1.000,34.920,1.000,2.203,65.829,400,333,2020-08-26,2020-08,-0.530,34.930
800.000,2020-08-26 07:00:00,-0.178,1.000,34.912,1.000,2.203,65.829,400,333,2020-08-26,2020-08,-0.528,34.930
800.000,2020-08-26 08:00:00,-0.179,1.000,34.916,1.000,2.203,65.829,400,333,2020-08-26,2020-08,-0.527,34.930
800.000,2020-08-26 09:00:00,-0.170,1.000,34.913,1.000,2.203,65.829,400,333,2020-08-26,2020-08,-0.526,34.930
800.000,2020-08-26 10:00:00,-0.148,1.000,34.915,1.000,2.203,65.829,400,333,2020-08-26,2020-08,-0.525,34.930
800.000,2020-08-26 11:00:00,-0.172,1.000,34.915,1.000,2.203,65.829,400,333,2020-08-26,2020-08,-0.525,34.930
800.000,2020-08-26 12:00:00,-0.176,1.000,34.916,1.000,2.203,65.829,400,333,2020-08-26,2020-08,2.551,34.955
800.000,2020-08-26 13:00:00,-0.149,1.000,34.914,1.000,2.203,65.829,400,333,2020-08-26,2020-08,2.535,34.956
800.000,2020-08-26 14:00:00,-0.165,1.000,34.916,1.000,2.203,65.829,400,333,2020-08-26,2020-08,2.566,34.956
800.000,2020-08-26 15:00:00,-0.191,1.000,34.914,1.000,2.203,65.829,400,333,2020-08-26,2020-08,2.624,34.958
800.000,2020-08-26 16:00:00,-0.176,1.000,34.915,1.000,2.203,65.829,400,333,2020-08-26,2020-08,2.685,34.958
800.000,2020-08-26 17:00:00,-0.170,1.000,34.915,1.000,2.203,65.829,400,333,2020-08-26,2020-08,2.723,34.959
800.000,2020-08-26 18:00:00,-0.176,1.000,34.921,1.000,2.203,65.829,400,333,2020-08-26,2020-08,2.729,34.960
800.000,2020-08-26 19:00:00,-0.181,1.000,34.914,1.000,2.203,65.829,400,333,2020-08-26,2020-08,2.716,34.960
800.000,2020-08-26 20:00:00,-0.179,1.000,34.915,1.000,2.203,65.829,400,333,2020-08-26,2020-08,2.706,34.960
800.000,2020-08-26 21:00:00,-0.184,1.000,34.918,1.000,2.203,65.829,400,333,2020-08-26,2020-08,2.709,34.960
800.000,2020-08-26 22:00:00,-0.185,1.000,34.915,1.000,2.203,65.829,400,333,2020-08-26,2020-08,2.719,34.960
800.000,2020-08-26 23:00:00,-0.172,1.000,34.914,1.000,2.203,65.829,400,333,2020-08-26,2020-08,2.713,34.959
800.000,2020-08-27 00:00:00,-0.137,1.000,34.915,1.000,2.203,65.829,400,333,2020-08-27,2020-08,2.682,34.959
800.000,2020-08-27 01:00:00,-0.140,1.000,34.916,1.000,2.203,65.829,400,333,2020-08-27,2020-08,2.656,34.959
800.000,2020-08-27 02:00:00,-0.155,1.000,34.913,1.000,2.203,65.829,400,333,2020-08-27,2020-08,2.667,34.959
800.000,2020-08-27 03:00:00,-0.186,1.000,34.921,1.000,2.203,65.829,400,333,2020-08-27,2020-08,2.721,34.960
800.000,2020-08-27 04:00:00,-0.198,1.000,34.918,1.000,2.203,65.829,400,333,2020-08-27,2020-08,2.791,34.960
800.000,2020-08-27 05:00:00,-0.211,1.000,34.914,1.000,2.203,65.829,400,333,2020-08-27,2020-08,2.846,34.960
800.000,2020-08-27 06:00:00,-0.198,1.000,34.914,1.000,2.203,65.829,400,333,2020-08-27,2020-08,2.877,34.961
800.000,2020-08-27 07:00:00,-0.199,1.000,34.915,1.000,2.203,65.829,400,333,2020-08-27,2020-08,2.890,34.961
800.000,2020-08-27 08:00:00,-0.175,1.000,34.914,1.000,2.203,65.829,400,333,2020-08-27,2020-08,2.892,34.960
800.000,2020-08-27 09:00:00,-0.150,1.000,34.915,1.000,2.203,65.829,400,333,2020-08-27,2020-08,2.883,34.960
800.000,2020-08-27 10:00:00,-0.120,1.000,34.913,1.000,2.203,65.829,400,333,2020-08-27,2020-08,2.860,34.960
800.000,2020-08-27 11:00:00,-0.122,1.000,34.913,1.000,2.203,65.829,400,333,2020-08-27,2020-08,2.827,34.959
800.000,2020-08-27 12:00:00,-0.139,1.000,34.918,1.000,2.203,65.829,400,333,2020-08-27,2020-08,0.778,34.924
800.000,2020-08-27 13:00:00,-0.149,1.000,34.918,1.000,2.203,65.829,400,333,2020-08-27,2020-08,0.782,34.924
800.000,2020-08-27 14:00:00,-0.186,1.000,34.918,1.000,2.203,65.829,400,333,2020-08-27,2020-08,0.793,34.924
800.000,2020-08-27 15:00:00,-0.207,1.000,34.918,1.000,2.203,65.829,400,333,2020-08-27,2020-08,0.809,34.925
800.000,2020-08-27 16:00:00,-0.191,1.000,34.911,1.000,2.203,65.829,400,333,2020-08-27,2020-08,0.826,34.925
800.000,2020-08-27 17:00:00,-0.203,1.000,34.915,1.000,2.203,65.829,400,333,2020-08-27,2020-08,0.841,34.925
800.000,2020-08-27 18:00:00,-0.181,1.000,34.918,1.000,2.203,65.829,400,333,2020-08-27,2020-08,0.849,34.926
800.000,2020-08-27 19:00:00,-0.187,1.000,34.918,1.000,2.203,65.829,400,333,2020-08-27,2020-08,0.850,34.926
800.000,2020-08-27 20:00:00,-0.177,1.000,34.915,1.000,2.203,65.829,400,333,2020-08-27,2020-08,0.848,34.926
800.000,2020-08-27 21:00:00,-0.159,1.000,34.909,1.000,2.203,65.829,400,333,2020-08-27,2020-08,0.849,34.926
800.000,2020-08-27 22:00:00,-0.105,1.000,34.916,1.000,2.203,65.829,400,333,2020-08-27,2020-08,0.855,34.926
800.000,2020-08-27 23:00:00,-0.120,1.000,34.918,1.000,2.203,65.829,400,333,2020-08-27,2020-08,0.866,34.926
800.000,2020-08-28 00:00:00,-0.137,1.000,34.915,1.000,2.203,65.829,400,333,2020-08-28,2020-08,0.879,34.926
800.000,2020-08-28 01:00:00,-0.140,1.000,34.916,1.000,2.203,65.829,400,333,2020-08-28,2020-08,0.894,34.926
800.000,2020-08-28 02:00:00,-0.148,1.000,34.915,1.000,2.203,65.829,400,333,2020-08-28,2020-08,0.910,34.927
800.000,2020-08-28 03:00:00,-0.154,1.000,34.916,1.000,2.203,65.829,400,333,2020-08-28,2020-08,0.922,34.927
800.000,2020-08-28 04:00:00,-0.149,1.000,34.914,1.000,2.203,65.829,400,333,2020-08-28,2020-08,0.930,34.927
800.000,2020-08-28 05:00:00,-0.183,1.000,34.916,1.000,2.203,65.829,400,333,2020-08-28,2020-08,0.929,34.927
800.000,2020-08-28 06:00:00,-0.174,1.000,34.913,1.000,2.203,65.829,400,333,2020-08-28,2020-08,0.926,34.927
800.000,2020-08-28 07:00:00,-0.163,1.000,34.913,1.000,2.203,65.829,400,333,2020-08-28,2020-08,0.925,34.927
800.000,2020-08-28 08:00:00,-0.178,1.000,34.916,1.000,2.203,65.829,400,333,2020-08-28,2020-08,0.928,34.927
800.000,2020-08-28 09:00:00,-0.117,1.000,34.909,1.000,2.203,65.829,400,333,2020-08-28,2020-08,0.936,34.927
800.000,2020-08-28 10:00:00,-0.095,1.000,34.918,1.000,2.203,65.829,400,333,2020-08-28,2020-08,0.944,34.927
800.000,2020-08-28 11:00:00,-0.098,1.000,34.916,1.000,2.203,65.829,400,333,2020-08-28,2020-08,0.953,34.927
800.000,2020-08-28 12:00:00,-0.083,1.000,34.917,1.000,2.203,65.829,400,333,2020-08-28,2020-08,0.387,34.920
800.000,2020-08-28 13:00:00,-0.142,1.000,34.916,1.000,2.203,65.829,400,333,2020-08-28,2020-08,0.384,34.920
800.000,2020-08-28 14:00:00,-0.119,1.000,34.914,1.000,2.203,65.829,400,333,2020-08-28,2020-08,0.390,34.920
800.000,2020-08-28 15:00:00,-0.125,1.000,34.916,1.000,2.203,65.829,400,333,2020-08-28,2020-08,0.400,34.920
800.000,2020-08-28 16:00:00,-0.116,1.000,34.918,1.000,2.203,65.829,400,333,2020-08-28,2020-08,0.412,34.920
800.000,2020-08-28 17:00:00,-0.124,1.000,34.922,1.000,2.203,65.829,400,333,2020-08-28,2020-08,0.421,34.920
800.000,2020-08-28 18:00:00,-0.094,1.000,34.913,1.000,2.203,65.829,400,333,2020-08-28,2020-08,0.422,34.920
800.000,2020-08-28 19:00:00,-0.094,1.000,34.922,1.000,2.203,65.829,400,333,2020-08-28,2020-08,0.413,34.920
800.000,2020-08-28 20:00:00,-0.097,1.000,34.917,1.000,2.203,65.829,400,333,2020-08-28,2020-08,0.399,34.921
800.000,2020-08-28 21:00:00,-0.083,1.000,34.916,1.000,2.203,65.829,400,333,2020-08-28,2020-08,0.385,34.921
800.000,2020-08-28 22:00:00,-0.093,1.000,34.915,1.000,2.203,65.829,400,333,2020-08-28,2020-08,0.375,34.921
800.000,2020-08-28 23:00:00,-0.043,1.000,34.913,1.000,2.203,65.829,400,333,2020-08-28,2020-08,0.373,34.921
800.000,2020-08-29 00:00:00,-0.065,1.000,34.917,1.000,2.203,65.829,400,333,2020-08-29,2020-08,0.378,34.921
800.000,2020-08-29 01:00:00,-0.072,1.000,34.917,1.000,2.203,65.829,400,333,2020-08-29,2020-08,0.388,34.921
800.000,2020-08-29 02:00:00,-0.093,1.000,34.918,1.000,2.203,65.829,400,333,2020-08-29,2020-08,0.402,34.921
800.000,2020-08-29 03:00:00,-0.081,1.000,34.917,1.000,2.203,65.829,400,333,2020-08-29,2020-08,0.415,34.921
800.000,2020-08-29 04:00:00,-0.083,1.000,34.915,1.000,2.203,65.829,400,333,2020-08-29,2020-08,0.423,34.921
800.000,2020-08-29 05:00:00,-0.094,1.000,34.923,1.000,2.203,65.829,400,333,2020-08-29,2020-08,0.424,34.921
800.000,2020-08-29 06:00:00,-0.124,1.000,34.920,1.000,2.203,65.829,400,333,2020-08-29,2020-08,0.422,34.921
800.000,2020-08-29 07:00:00,-0.101,1.000,34.917,1.000,2.203,65.829,400,333,2020-08-29,2020-08,0.419,34.921
800.000,2020-08-29 08:00:00,-0.097,1.000,34.914,1.000,2.203,65.829,400,333,2020-08-29,2020-08,0.416,34.921
800.000,2020-08-29 09:00:00,-0.049,1.000,34.911,1.000,2.203,65.829,400,333,2020-08-29,2020-08,0.413,34.921
800.000,2020-08-29 10:00:00,-0.094,1.000,34.921,1.000,2.203,65.829,400,333,2020-08-29,2020-08,0.410,34.921
800.000,2020-08-29 11:00:00,-0.109,1.000,34.919,1.000,2.203,65.829,400,333,2020-08-29,2020-08,0.406,34.921
800.000,2020-08-29 12:00:00,-0.098,1.000,34.914,1.000,2.203,65.829,400,333,2020-08-29,2020-08,0.014,34.919
800.000,2020-08-29 13:00:00,-0.121,1.000,34.916,1.000,2.203,65.829,400,333,2020-08-29,2020-08,0.013,34.919
800.000,2020-08-29 14:00:00,-0.112,1.000,34.917,1.000,2.203,65.829,400,333,2020-08-29,2020-08,0.016,34.919
800.000,2020-08-29 15:00:00,-0.099,1.000,34.914,1.000,2.203,65.829,400,333,2020-08-29,2020-08,0.023,34.919
800.000,2020-08-29 16:00:00,-0.126,1.000,34.917,1.000,2.203,65.829,400,333,2020-08-29,2020-08,0.031,34.919
800.000,2020-08-29 17:00:00,-0.115,1.000,34.910,1.000,2.203,65.829,400,333,2020-08-29,2020-08,0.039,34.919
800.000,2020-08-29 18:00:00,-0.068,1.000,34.921,1.000,2.203,65.829,400,333,2020-08-29,2020-08,0.039,34.919
800.000,2020-08-29 19:00:00,-0.134,1.000,34.916,1.000,2.203,65.829,400,333,2020-08-29,2020-08,0.032,34.919
800.000,2020-08-29 20:00:00,-0.127,1.000,34.916,1.000,2.203,65.829,400,333,2020-08-29,2020-08,0.019,34.919
800.000,2020-08-29 21:00:00,-0.105,1.000,34.921,1.000,2.203,65.829,400,333,2020-08-29,2020-08,0.005,34.919
800.000,2020-08-29 22:00:00,-0.124,1.000,34.921,1.000,2.203,65.829,400,333,2020-08-29,2020-08,-0.004,34.919
800.000,2020-08-29 23:00:00,-0.150,1.000,34.914,1.000,2.203,65.829,400,333,2020-08-29,2020-08,-0.006,34.919
800.000,2020-08-30 00:00:00,-0.159,1.000,34.916,1.000,2.203,65.829,400,333,2020-08-30,2020-08,-0.002,34.919
800.000,2020-08-30 01:00:00,-0.145,1.000,34.920,1.000,2.203,65.829,400,333,2020-08-30,2020-08,0.007,34.919
800.000,2020-08-30 02:00:00,-0.166,1.000,34.919,1.000,2.203,65.829,400,333,2020-08-30,2020-08,0.019,34.919
800.000,2020-08-30 03:00:00,-0.173,1.000,34.919,1.000,2.203,65.829,400,333,2020-08-30,2020-08,0.030,34.919
800.000,2020-08-30 04:00:00,-0.103,1.000,34.910,1.000,2.203,65.829,400,333,2020-08-30,2020-08,0.040,34.919
800.000,2020-08-30 05:00:00,-0.112,1.000,34.916,1.000,2.203,65.829,400,333,2020-08-30,2020-08,0.043,34.919
800.000,2020-08-30 06:00:00,-0.137,1.000,34.912,1.000,2.203,65.829,400,333,2020-08-30,2020-08,0.043,34.919
800.000,2020-08-30 07:00:00,-0.123,1.000,34.927,1.000,2.203,65.829,400,333,2020-08-30,2020-08,0.042,34.919
800.000,2020-08-30 08:00:00,-0.112,1.000,34.909,1.000,2.203,65.829,400,333,2020-08-30,2020-08,0.038,34.919
800.000,2020-08-30 09:00:00,-0.091,1.000,34.914,1.000,2.203,65.829,400,333,2020-08-30,2020-08,0.034,34.919
800.000,2020-08-30 10:00:00,-0.090,1.000,34.917,1.000,2.203,65.829,400,333,2020-08-30,2020-08,0.029,34.919
800.000,2020-08-30 11:00:00,-0.104,1.000,34.918,1.000,2.203,65.829,400,333,2020-08-30,2020-08,0.026,34.920
800.000,2020-08-30 12:00:00,-0.121,1.000,34.916,1.000,2.203,65.829,400,333,2020-08-30,2020-08,-0.513,34.930
800.000,2020-08-30 13:00:00,-0.093,1.000,34.915,1.000,2.203,65.829,400,333,2020-08-30,2020-08,-0.513,34.930
800.000,2020-08-30 14:00:00,-0.111,1.000,34.919,1.000,2.203,65.829,400,333,2020-08-30,2020-08,-0.513,34.930
800.000,2020-08-30 15:00:00,-0.103,1.000,34.923,1.000,2.203,65.829,400,333,2020-08-30,2020-08,-0.513,34.930
800.000,2020-08-30 16:00:00,-0.089,1.000,34.917,1.000,2.203,65.829,400,333,2020-08-30,2020-08,-0.513,34.930
800.000,2020-08-30 17:00:00,-0.103,1.000,34.915,1.000,2.203,65.829,400,333,2020-08-30,2020-08,-0.513,34.930
800.000,2020-08-30 18:00:00,-0.112,1.000,34.918,1.000,2.203,65.829,400,333,2020-08-30,2020-08,-0.513,34.930
800.000,2020-08-30 19:00:00,-0.099,1.000,34.912,1.000,2.203,65.829,400,333,2020-08-30,2020-08,-0.513,34.930
800.000,2020-08-30 20:00:00,-0.072,1.000,34.915,1.000,2.203,65.829,400,333,2020-08-30,2020-08,-0.513,34.930
800.000,2020-08-30 21:00:00,-0.095,1.000,34.915,1.000,2.203,65.829,400,333,2020-08-30,2020-08,-0.513,34.930
800.000,2020-08-30 22:00:00,-0.089,1.000,34.915,1.000,2.203,65.829,400,333,2020-08-30,2020-08,-0.513,34.930
800.000,2020-08-30 23:00:00,-0.068,1.000,34.914,1.000,2.203,65.829,400,333,2020-08-30,2020-08,-0.513,34.930
800.000,2020-08-31 00:00:00,-0.080,1.000,34.917,1.000,2.203,65.829,400,333,2020-08-31,2020-08,-0.513,34.930
800.000,2020-08-31 01:00:00,-0.082,1.000,34.916,1.000,2.203,65.829,400,333,2020-08-31,2020-08,-0.513,34.930
800.000,2020-08-31 02:00:00,-0.115,1.000,34.917,1.000,2.203,65.829,400,333,2020-08-31,2020-08,-0.513,34.930
800.000,2020-08-31 03:00:00,-0.102,1.000,34.915,1.000,2.203,65.829,400,333,2020-08-31,2020-08,-0.514,34.930
800.000,2020-08-31 04:00:00,-0.082,1.000,34.915,1.000,2.203,65.829,400,333,2020-08-31,2020-08,-0.514,34.930
800.000,2020-08-31 05:00:00,-0.082,1.000,34.916,1.000,2.203,65.829,400,333,2020-08-31,2020-08,-0.515,34.930
800.000,2020-08-31 06:00:00,-0.059,1.000,34.912,1.000,2.203,65.829,400,333,2020-08-31,2020-08,-0.515,34.930
800.000,2020-08-31 07:00:00,-0.066,1.000,34.916,1.000,2.203,65.829,400,333,2020-08-31,2020-08,-0.515,34.930
800.000,2020-08-31 08:00:00,-0.068,1.000,34.916,1.000,2.203,65.829,400,333,2020-08-31,2020-08,-0.514,34.930
800.000,2020-08-31 09:00:00,-0.068,1.000,34.922,1.000,2.203,65.829,400,333,2020-08-31,2020-08,-0.513,34.930
800.000,2020-08-31 10:00:00,-0.093,1.000,34.916,1.000,2.203,65.829,400,333,2020-08-31,2020-08,-0.510,34.930
800.000,2020-08-31 11:00:00,-0.123,1.000,34.914,1.000,2.203,65.829,400,333,2020-08-31,2020-08,-0.508,34.930
800.000,2020-08-31 12:00:00,-0.125,1.000,34.917,1.000,2.203,65.829,400,333,2020-08-31,2020-08,2.804,34.959
800.000,2020-08-31 13:00:00,-0.131,1.000,34.912,1.000,2.203,65.829,400,333,2020-08-31,2020-08,2.810,34.959
800.000,2020-08-31 14:00:00,-0.128,1.000,34.911,1.000,2.203,65.829,400,333,2020-08-31,2020-08,2.849,34.959
800.000,2020-08-31 15:00:00,-0.142,1.000,34.918,1.000,2.203,65.829,400,333,2020-08-31,2020-08,2.905,34.959
800.000,2020-08-31 16:00:00,-0.131,1.000,34.913,1.000,2.203,65.829,400,333,2020-08-31,2020-08,2.947,34.960
800.000,2020-08-31 17:00:00,-0.109,1.000,34.916,1.000,2.203,65.829,400,333,2020-08-31,2020-08,2.973,34.960
800.000,2020-08-31 18:00:00,-0.108,1.000,34.917,1.000,2.203,65.829,400,333,2020-08-31,2020-08,3.001,34.960
800.000,2020-08-31 19:00:00,-0.152,1.000,34.919,1.000,2.203,65.829,400,333,2020-08-31,2020-08,3.029,34.960
800.000,2020-08-31 20:00:00,-0.156,1.000,34.918,1.000,2.203,65.829,400,333,2020-08-31,2020-08,3.049,34.959
800.000,2020-08-31 21:00:00,-0.163,1.000,34.916,1.000,2.203,65.829,400,333,2020-08-31,2020-08,3.048,34.959
800.000,2020-08-31 22:00:00,-0.158,1.000,34.917,1.000,2.203,65.829,400,333,2020-08-31,2020-08,3.018,34.959
800.000,2020-08-31 23:00:00,-0.174,1.000,34.915,1.000,2.203,65.829,400,333,2020-08-31,2020-08,2.984,34.958
1000.000,2020-08-25 12:00:00,-0.405,1.000,34.914,1.000,2.203,65.829,400,333,2020-08-25,2020-08,2.967,34.958
1000.000,2020-08-25 13:00:00,-0.401,1.000,34.912,1.000,2.203,65.829,400,333,2020-08-25,2020-08,2.972,34.958
1000.000,2020-08-25 14:00:00,-0.399,1.000,34.915,1.000,2.203,65.829,400,333,2020-08-25,2020-08,2.992,34.958
1000.000,2020-08-25 15:00:00,-0.397,1.000,34.913,1.000,2.203,65.829,400,333,2020-08-25,2020-08,3.019,34.958
1000.000,2020-08-25 16:00:00,-0.398,1.000,34.915,1.000,2.203,65.829,400,333,2020-08-25,2020-08,3.050,34.958
1000.000,2020-08-25 17:00:00,-0.396,1.000,34.912,1.000,2.203,65.829,400,333,2020-08-25,2020-08,3.082,34.958
1000.000,2020-08-25 18:00:00,-0.384,1.000,34.913,1.000,2.203,65.829,400,333,2020-08-25,2020-08,3.110,34.958
1000.000,2020-08-25 19:00:00,-0.389,1.000,34.914,1.000,2.203,65.829,400,333,2020-08-25,2020-08,3.136,34.958
1000.000,2020-08-25 20:00:00,-0.397,1.000,34.915,1.000,2.203,65.829,400,333,2020-08-25,2020-08,3.152,34.958
1000.000,2020-08-25 21:00:00,-0.406,1.000,34.914,1.000,2.203,65.829,400,333,2020-08-25,2020-08,3.142,34.957
1000.000,2020-08-25 22:00:00,-0.414,1.000,34.914,1.000,2.203,65.829,400,333,2020-08-25,2020-08,3.112,34.957
1000.000,2020-08-25 23:00:00,-0.398,1.000,34.910,1.000,2.203,65.829,400,333,2020-08-25,2020-08,3.080,34.956
1000.000,2020-08-26 00:00:00,-0.384,1.000,34.914,1.000,2.203,65.829,400,333,2020-08-26,2020-08,0.964,34.927
1000.000,2020-08-26 01:00:00,-0.383,1.000,34.914,1.000,2.203,65.829,400,333,2020-08-26,2020-08,0.978,34.927
1000.000,2020-08-26 02:00:00,-0.402,1.000,34.914,1.000,2.203,65.829,400,333,2020-08-26,2020-08,0.991,34.928
1000.000,2020-08-26 03:00:00,-0.396,1.000,34.912,1.000,2.203,65.829,400,333,2020-08-26,2020-08,1.001,34.928
1000.000,2020-08-26 04:00:00,-0.399,1.000,34.912,1.000,2.203,65.829,400,333,2020-08-26,2020-08,1.002,34.928
1000.000,2020-08-26 05:00:00,-0.385,1.000,34.914,1.000,2.203,65.829,400,333,2020-08-26,2020-08,1.000,34.928
1000.000,2020-08-26 06:00:00,-0.402,1.000,34.916,1.000,2.203,65.829,400,333,2020-08-26,2020-08,1.001,34.928
1000.000,2020-08-26 07:00:00,-0.407,1.000,34.913,1.000,2.203,65.829,400,333,2020-08-26,2020-08,1.006,34.928
1000.000,2020-08-26 08:00:00,-0.401,1.000,34.914,1.000,2.203,65.829,400,333,2020-08-26,2020-08,1.010,34.928
1000.000,2020-08-26 09:00:00,-0.394,1.000,34.914,1.000,2.203,65.829,400,333,2020-08-26,2020-08,1.011,34.928
1000.000,2020-08-26 10:00:00,-0.381,1.000,34.916,1.000,2.203,65.829,400,333,2020-08-26,2020-08,1.007,34.927
1000.000,2020-08-26 11:00:00,-0.389,1.000,34.913,1.000,2.203,65.829,400,333,2020-08-26,2020-08,1.005,34.927
1000.000,2020-08-26 12:00:00,-0.387,1.000,34.914,1.000,2.203,65.829,400,333,2020-08-26,2020-08,1.011,34.927
1000.000,2020-08-26 13:00:00,-0.383,1.000,34.914,1.000,2.203,65.829,400,333,2020-08-26,2020-08,1.024,34.928
1000.000,2020-08-26 14:00:00,-0.392,1.000,34.914,1.000,2.203,65.829,400,333,2020-08-26,2020-08,1.040,34.928
1000.000,2020-08-26 15:00:00,-0.397,1.000,34.915,1.000,2.203,65.829,400,333,2020-08-26,2020-08,1.049,34.928
1000.000,2020-08-26 16:00:00,-0.399,1.000,34.913,1.000,2.203,65.829,400,333,2020-08-26,2020-08,1.052,34.928
1000.000,2020-08-26 17:00:00,-0.397,1.000,34.914,1.000,2.203,65.829,400,333,2020-08-26,2020-08,1.051,34.928
1000.000,2020-08-26 18:00:00,-0.401,1.000,34.914,1.000,2.203,65.829,400,333,2020-08-26,2020-08,1.049,34.928
1000.000,2020-08-26 19:00:00,-0.396,1.000,34.914,1.000,2.203,65.829,400,333,2020-08-26,2020-08,1.047,34.928
1000.000,2020-08-26 20:00:00,-0.393,1.000,34.914,1.000,2.203,65.829,400,333,2020-08-26,2020-08,1.044,34.928
1000.000,2020-08-26 21:00:00,-0.394,1.000,34.914,1.000,2.203,65.829,400,333,2020-08-26,2020-08,1.033,34.927
1000.000,2020-08-26 22:00:00,-0.389,1.000,34.916,1.000,2.203,65.829,400,333,2020-08-26,2020-08,1.017,34.927
1000.000,2020-08-26 23:00:00,-0.394,1.000,34.915,1.000,2.203,65.829,400,333,2020-08-26,2020-08,1.007,34.927
1000.000,2020-08-27 00:00:00,-0.399,1.000,34.913,1.000,2.203,65.829,400,333,2020-08-27,2020-08,0.406,34.921
1000.000,2020-08-27 01:00:00,-0.389,1.000,34.915,1.000,2.203,65.829,400,333,2020-08-27,2020-08,0.411,34.921
1000.000,2020-08-27 02:00:00,-0.382,1.000,34.916,1.000,2.203,65.829,400,333,2020-08-27,2020-08,0.419,34.922
1000.000,2020-08-27 03:00:00,-0.393,1.000,34.916,1.000,2.203,65.829,400,333,2020-08-27,2020-08,0.428,34.922
1000.000,2020-08-27 04:00:00,-0.408,1.000,34.915,1.000,2.203,65.829,400,333,2020-08-27,2020-08,0.433,34.922
1000.000,2020-08-27 05:00:00,-0.416,1.000,34.913,1.000,2.203,65.829,400,333,2020-08-27,2020-08,0.437,34.922
1000.000,2020-08-27 06:00:00,-0.410,1.000,34.914,1.000,2.203,65.829,400,333,2020-08-27,2020-08,0.443,34.922
1000.000,2020-08-27 07:00:00,-0.419,1.000,34.915,1.000,2.203,65.829,400,333,2020-08-27,2020-08,0.448,34.922
1000.000,2020-08-27 08:00:00,-0.402,1.000,34.911,1.000,2.203,65.829,400,333,2020-08-27,2020-08,0.450,34.922
1000.000,2020-08-27 09:00:00,-0.378,1.000,34.916,1.000,2.203,65.829,400,333,2020-08-27,2020-08,0.446,34.922
1000.000,2020-08-27 10:00:00,-0.373,1.000,34.915,1.000,2.203,65.829,400,333,2020-08-27,2020-08,0.437,34.922
1000.000,2020-08-27 11:00:00,-0.371,1.000,34.914,1.000,2.203,65.829,400,333,2020-08-27,2020-08,0.429,34.922
1000.000,2020-08-27 12:00:00,-0.393,1.000,34.914,1.000,2.203,65.829,400,333,2020-08-27,2020-08,0.426,34.922
1000.000,2020-08-27 13:00:00,-0.386,1.000,34.914,1.000,2.203,65.829,400,333,2020-08-27,2020-08,0.430,34.922
1000.000,2020-08-27 14:00:00,-0.403,1.000,34.914,1.000,2.203,65.829,400,333,2020-08-27,2020-08,0.436,34.922
1000.000,2020-08-27 15:00:00,-0.406,1.000,34.913,1.000,2.203,65.829,400,333,2020-08-27,2020-08,0.440,34.922
1000.000,2020-08-27 16:00:00,-0.389,1.000,34.914,1.000,2.203,65.829,400,333,2020-08-27,2020-08,0.442,34.922
1000.000,2020-08-27 17:00:00,-0.407,1.000,34.916,1.000,2.203,65.829,400,333,2020-08-27,2020-08,0.443,34.922
1000.000,2020-08-27 18:00:00,-0.414,1.000,34.914,1.000,2.203,65.829,400,333,2020-08-27,2020-08,0.444,34.922
1000.000,2020-08-27 19:00:00,-0.403,1.000,34.914,1.000,2.203,65.829,400,333,2020-08-27,2020-08,0.446,34.922
1000.000,2020-08-27 20:00:00,-0.399,1.000,34.913,1.000,2.203,65.829,400,333,2020-08-27,2020-08,0.445,34.922
1000.000,2020-08-27 21:00:00,-0.388,1.000,34.914,1.000,2.203,65.829,400,333,2020-08-27,2020-08,0.438,34.922
1000.000,2020-08-27 22:00:00,-0.377,1.000,34.914,1.000,2.203,65.829,400,333,2020-08-27,2020-08,0.425,34.922
1000.000,2020-08-27 23:00:00,-0.391,1.000,34.914,1.000,2.203,65.829,400,333,2020-08-27,2020-08,0.411,34.922
1000.000,2020-08-28 00:00:00,-0.382,1.000,34.910,1.000,2.203,65.829,400,333,2020-08-28,2020-08,0.026,34.920
1000.000,2020-08-28 01:00:00,-0.380,1.000,34.915,1.000,2.203,65.829,400,333,2020-08-28,2020-08,0.030,34.920
1000.000,2020-08-28 02:00:00,-0.401,1.000,34.915,1.000,2.203,65.829,400,333,2020-08-28,2020-08,0.036,34.920
1000.000,2020-08-28 03:00:00,-0.414,1.000,34.915,1.000,2.203,65.829,400,333,2020-08-28,2020-08,0.044,34.920
1000.000,2020-08-28 04:00:00,-0.417,1.000,34.913,1.000,2.203,65.829,400,333,2020-08-28,2020-08,0.051,34.920
1000.000,2020-08-28 05:00:00,-0.401,1.000,34.913,1.000,2.203,65.829,400,333,2020-08-28,2020-08,0.056,34.920
1000.000,2020-08-28 06:00:00,-0.399,1.000,34.913,1.000,2.203,65.829,400,333,2020-08-28,2020-08,0.062,34.920
1000.000,2020-08-28 07:00:00,-0.405,1.000,34.913,1.000,2.203,65.829,400,333,2020-08-28,2020-08,0.066,34.920
1000.000,2020-08-28 08:00:00,-0.404,1.000,34.912,1.000,2.203,65.829,400,333,2020-08-28,2020-08,0.068,34.920
1000.000,2020-08-28 09:00:00,-0.387,1.000,34.915,1.000,2.203,65.829,400,333,2020-08-28,2020-08,0.064,34.920
1000.000,2020-08-28 10:00:00,-0.367,1.000,34.913,1.000,2.203,65.829,400,333,2020-08-28,2020-08,0.057,34.920
1000.000,2020-08-28 11:00:00,-0.368,1.000,34.913,1.000,2.203,65.829,400,333,2020-08-28,2020-08,0.051,34.920
1000.000,2020-08-28 12:00:00,-0.389,1.000,34.915,1.000,2.203,65.829,400,333,2020-08-28,2020-08,0.048,34.920
1000.000,2020-08-28 13:00:00,-0.401,1.000,34.911,1.000,2.203,65.829,400,333,2020-08-28,2020-08,0.049,34.920
1000.000,2020-08-28 14:00:00,-0.387,1.000,34.916,1.000,2.203,65.829,400,333,2020-08-28,2020-08,0.052,34.920
1000.000,2020-08-28 15:00:00,-0.388,1.000,34.914,1.000,2.203,65.829,400,333,2020-08-28,2020-08,0.054,34.920
1000.000,2020-08-28 16:00:00,-0.393,1.000,34.914,1.000,2.203,65.829,400,333,2020-08-28,2020-08,0.054,34.920
1000.000,2020-08-28 17:00:00,-0.406,1.000,34.914,1.000,2.203,65.829,400,333,2020-08-28,2020-08,0.054,34.920
1000.000,2020-08-28 18:00:00,-0.394,1.000,34.912,1.000,2.203,65.829,400,333,2020-08-28,2020-08,0.056,34.920
1000.000,2020-08-28 19:00:00,-0.390,1.000,34.914,1.000,2.203,65.829,400,333,2020-08-28,2020-08,0.057,34.920
1000.000,2020-08-28 20:00:00,-0.373,1.000,34.911,1.000,2.203,65.829,400,333,2020-08-28,2020-08,0.058,34.920
1000.000,2020-08-28 21:00:00,-0.350,1.000,34.914,1.000,2.203,65.829,400,333,2020-08-28,2020-08,0.054,34.920
1000.000,2020-08-28 22:00:00,-0.370,1.000,34.915,1.000,2.203,65.829,400,333,2020-08-28,2020-08,0.044,34.920
1000.000,2020-08-28 23:00:00,-0.369,1.000,34.914,1.000,2.203,65.829,400,333,2020-08-28,2020-08,0.033,34.920
1000.000,2020-08-29 00:00:00,-0.391,1.000,34.915,1.000,2.203,65.829,400,333,2020-08-29,2020-08,-0.507,34.929
1000.000,2020-08-29 01:00:00,-0.406,1.000,34.914,1.000,2.203,65.829,400,333,2020-08-29,2020-08,-0.506,34.929
1000.000,2020-08-29 02:00:00,-0.415,1.000,34.914,1.000,2.203,65.829,400,333,2020-08-29,2020-08,-0.506,34.929
1000.000,2020-08-29 03:00:00,-0.408,1.000,34.913,1.000,2.203,65.829,400,333,2020-08-29,2020-08,-0.508,34.930
1000.000,2020-08-29 04:00:00,-0.397,1.000,34.912,1.000,2.203,65.829,400,333,2020-08-29,2020-08,-0.510,34.930
1000.000,2020-08-29 05:00:00,-0.384,1.000,34.914,1.000,2.203,65.829,400,333,2020-08-29,2020-08,-0.512,34.930
1000.000,2020-08-29 06:00:00,-0.389,1.000,34.912,1.000,2.203,65.829,400,333,2020-08-29,2020-08,-0.514,34.930
1000.000,2020-08-29 07:00:00,-0.387,1.000,34.914,1.000,2.203,65.829,400,333,2020-08-29,2020-08,-0.515,34.930
1000.000,2020-08-29 08:00:00,-0.378,1.000,34.911,1.000,2.203,65.829,400,333,2020-08-29,2020-08,-0.515,34.930
1000.000,2020-08-29 09:00:00,-0.365,1.000,34.913,1.000,2.203,65.829,400,333,2020-08-29,2020-08,-0.514,34.930
1000.000,2020-08-29 10:00:00,-0.379,1.000,34.916,1.000,2.203,65.829,400,333,2020-08-29,2020-08,-0.513,34.930
1000.000,2020-08-29 11:00:00,-0.391,1.000,34.915,1.000,2.203,65.829,400,333,2020-08-29,2020-08,-0.511,34.930
1000.000,2020-08-29 12:00:00,-0.394,1.000,34.914,1.000,2.203,65.829,400,333,2020-08-29,2020-08,-0.508,34.930
1000.000,2020-08-29 13:00:00,-0.410,1.000,34.914,1.000,2.203,65.829,400,333,2020-08-29,2020-08,-0.507,34.930
1000.000,2020-08-29 14:00:00,-0.404,1.000,34.912,1.000,2.203,65.829,400,333,2020-08-29,2020-08,-0.508,34.930
1000.000,2020-08-29 15:00:00,-0.397,1.000,34.914,1.000,2.203,65.829,400,333,2020-08-29,2020-08,-0.510,34.930
1000.000,2020-08-29 16:00:00,-0.398,1.000,34.913,1.000,2.203,65.829,400,333,2020-08-29,2020-08,-0.513,34.930
1000.000,2020-08-29 17:00:00,-0.383,1.000,34.913,1.000,2.203,65.829,400,333,2020-08-29,2020-08,-0.517,34.930
1000.000,2020-08-29 18:00:00,-0.377,1.000,34.915,1.000,2.203,65.829,400,333,2020-08-29,2020-08,-0.521,34.930
1000.000,2020-08-29 19:00:00,-0.396,1.000,34.915,1.000,2.203,65.829,400,333,2020-08-29,2020-08,-0.524,34.930
1000.000,2020-08-29 20:00:00,-0.386,1.000,34.913,1.000,2.203,65.829,400,333,2020-08-29,2020-08,-0.527,34.930
1000.000,2020-08-29 21:00:00,-0.386,1.000,34.912,1.000,2.203,65.829,400,333,2020-08-29,2020-08,-0.528,34.930
1000.000,2020-08-29 22:00:00,-0.408,1.000,34.915,1.000,2.203,65.829,400,333,2020-08-29,2020-08,-0.528,34.930
1000.000,2020-08-29 23:00:00,-0.409,1.000,34.913,1.000,2.203,65.829,400,333,2020-08-29,2020-08,-0.528,34.930
1000.000,2020-08-30 00:00:00,-0.404,1.000,34.912,1.000,2.203,65.829,400,333,2020-08-30,2020-08,3.062,34.956
1000.000,2020-08-30 01:00:00,-0.401,1.000,34.914,1.000,2.203,65.829,400,333,2020-08-30,2020-08,3.075,34.956
1000.000,2020-08-30 02:00:00,-0.415,1.000,34.918,1.000,2.203,65.829,400,333,2020-08-30,2020-08,3.090,34.956
1000.000,2020-08-30 03:00:00,-0.426,1.000,34.914,1.000,2.203,65.829,400,333,2020-08-30,2020-08,3.105,34.956
1000.000,2020-08-30 04:00:00,-0.396,1.000,34.913,1.000,2.203,65.829,400,333,2020-08-30,2020-08,3.121,34.956
1000.000,2020-08-30 05:00:00,-0.389,1.000,34.913,1.000,2.203,65.829,400,333,2020-08-30,2020-08,3.137,34.956
1000.000,2020-08-30 06:00:00,-0.393,1.000,34.914,1.000,2.203,65.829,400,333,2020-08-30,2020-08,3.151,34.955
1000.000,2020-08-30 07:00:00,-0.413,1.000,34.915,1.000,2.203,65.829,400,333,2020-08-30,2020-08,3.165,34.955
1000.000,2020-08-30 08:00:00,-0.402,1.000,34.915,1.000,2.203,65.829,400,333,2020-08-30,2020-08,3.177,34.955
1000.000,2020-08-30 09:00:00,-0.402,1.000,34.914,1.000,2.203,65.829,400,333,2020-08-30,2020-08,3.181,34.955
1000.000,2020-08-30 10:00:00,-0.394,1.000,34.916,1.000,2.203,65.829,400,333,2020-08-30,2020-08,3.177,34.955
1000.000,2020-08-30 11:00:00,-0.416,1.000,34.916,1.000,2.203,65.829,400,333,2020-08-30,2020-08,3.166,34.955
1000.000,2020-08-30 12:00:00,-0.422,1.000,34.914,1.000,2.203,65.829,400,333,2020-08-30,2020-08,3.154,34.954
1000.000,2020-08-30 13:00:00,-0.412,1.000,34.913,1.000,2.203,65.829,400,333,2020-08-30,2020-08,3.141,34.954
1000.000,2020-08-30 14:00:00,-0.412,1.000,34.914,1.000,2.203,65.829,400,333,2020-08-30,2020-08,3.120,34.953
1000.000,2020-08-30 15:00:00,-0.408,1.000,34.913,1.000,2.203,65.829,400,333,2020-08-30,2020-08,3.104,34.953
1000.000,2020-08-30 16:00:00,-0.394,1.000,34.909,1.000,2.203,65.829,400,333,2020-08-30,2020-08,3.111,34.953
1000.000,2020-08-30 17:00:00,-0.380,1.000,34.912,1.000,2.203,65.829,400,333,2020-08-30,2020-08,3.145,34.953
1000.000,2020-08-30 18:00:00,-0.384,1.000,34.914,1.000,2.203,65.829,400,333,2020-08-30,2020-08,3.190,34.953
1000.000,2020-08-30 19:00:00,-0.394,1.000,34.915,1.000,2.203,65.829,400,333,2020-08-30,2020-08,3.226,34.954
1000.000,2020-08-30 20:00:00,-0.390,1.000,34.912,1.000,2.203,65.829,400,333,2020-08-30,2020-08,3.242,34.954
1000.000,2020-08-30 21:00:00,-0.403,1.000,34.912,1.000,2.203,65.829,400,333,2020-08-30,2020-08,3.243,34.953
1000.000,2020-08-30 22:00:00,-0.398,1.000,34.914,1.000,2.203,65.829,400,333,2020-08-30,2020-08,3.239,34.953
1000.000,2020-08-30 23:00:00,-0.384,1.000,34.914,1.000,2.203,65.829,400,333,2020-08-30,2020-08,3.238,34.953
1000.000,2020-08-31 00:00:00,-0.402,1.000,34.913,1.000,2.203,65.829,400,333,2020-08-31,2020-08,1.008,34.927
1000.000,2020-08-31 01:00:00,-0.404,1.000,34.914,1.000,2.203,65.829,400,333,2020-08-31,2020-08,1.015,34.927
1000.000,2020-08-31 02:00:00,-0.406,1.000,34.913,1.000,2.203,65.829,400,333,2020-08-31,2020-08,1.028,34.927
1000.000,2020-08-31 03:00:00,-0.398,1.000,34.913,1.000,2.203,65.829,400,333,2020-08-31,2020-08,1.045,34.927
1000.000,2020-08-31 04:00:00,-0.384,1.000,34.915,1.000,2.203,65.829,400,333,2020-08-31,2020-08,1.059,34.927
1000.000,2020-08-31 05:00:00,-0.394,1.000,34.914,1.000,2.203,65.829,400,333,2020-08-31,2020-08,1.066,34.927
1000.000,2020-08-31 06:00:00,-0.386,1.000,34.914,1.000,2.203,65.829,400,333,2020-08-31,2020-08,1.060,34.927
1000.000,2020-08-31 07:00:00,-0.394,1.000,34.911,1.000,2.203,65.829,400,333,2020-08-31,2020-08,1.046,34.927
1000.000,2020-08-31 08:00:00,-0.391,1.000,34.915,1.000,2.203,65.829,400,333,2020-08-31,2020-08,1.026,34.927
1000.000,2020-08-31 09:00:00,-0.377,1.000,34.911,1.000,2.203,65.829,400,333,2020-08-31,2020-08,1.004,34.926
1000.000,2020-08-31 10:00:00,-0.379,1.000,34.912,1.000,2.203,65.829,400,333,2020-08-31,2020-08,0.984,34.926
1000.000,2020-08-31 11:00:00,-0.408,1.000,34.916,1.000,2.203,65.829,400,333,2020-08-31,2020-08,0.972,34.926
1000.000,2020-08-31 12:00:00,-0.419,1.000,34.912,1.000,2.203,65.829,400,333,2020-08-31,2020-08,0.973,34.926
1000.000,2020-08-31 13:00:00,-0.405,1.000,34.913,1.000,2.203,65.829,400,333,2020-08-31,2020-08,0.986,34.926
1000.000,2020-08-31 14:00:00,-0.408,1.000,34.912,1.000,2.203,65.829,400,333,2020-08-31,2020-08,1.002,34.926
1000.000,2020-08-31 15:00:00,-0.401,1.000,34.914,1.000,2.203,65.829,400,333,2020-08-31,2020-08,1.019,34.926
1000.000,2020-08-31 16:00:00,-0.406,1.000,34.914,1.000,2.203,65.829,400,333,2020-08-31,2020-08,1.036,34.927
1000.000,2020-08-31 17:00:00,-0.410,1.000,34.914,1.000,2.203,65.829,400,333,2020-08-31,2020-08,1.046,34.927
1000.000,2020-08-31 18:00:00,-0.400,1.000,34.913,1.000,2.203,65.829,400,333,2020-08-31,2020-08,1.044,34.926
1000.000,2020-08-31 19:00:00,-0.410,1.000,34.914,1.000,2.203,65.829,400,333,2020-08-31,2020-08,1.030,34.926
1000.000,2020-08-31 20:00:00,-0.401,1.000,34.915,1.000,2.203,65.829,400,333,2020-08-31,2020-08,1.008,34.926
1000.000,2020-08-31 21:00:00,-0.398,1.000,34.914,1.000,2.203,65.829,400,333,2020-08-31,2020-08,0.989,34.926
1000.000,2020-08-31 22:00:00,-0.392,1.000,34.916,1.000,2.203,65.829,400,333,2020-08-31,2020-08,0.979,34.926
1000.000,2020-08-31 23:00:00,-0.398,1.000,34.916,1.000,2.203,65.829,400,333,2020-08-31,2020-08,0.981,34.926
1200.000,2020-08-25 12:00:00,-0.541,1.000,34.913,1.000,2.203,65.829,400,333,2020-08-25,2020-08,0.399,34.922
1200.000,2020-08-25 13:00:00,-0.544,1.000,34.913,1.000,2.203,65.829,400,333,2020-08-25,2020-08,0.392,34.922
1200.000,2020-08-25 14:00:00,-0.545,1.000,34.913,1.000,2.203,65.829,400,333,2020-08-25,2020-08,0.390,34.922
1200.000,2020-08-25 15:00:00,-0.550,1.000,34.913,1.000,2.203,65.829,400,333,2020-08-25,2020-08,0.395,34.921
1200.000,2020-08-25 16:00:00,-0.557,1.000,34.913,1.000,2.203,65.829,400,333,2020-08-25,2020-08,0.402,34.921
1200.000,2020-08-25 17:00:00,-0.545,1.000,34.912,1.000,2.203,65.829,400,333,2020-08-25,2020-08,0.408,34.921
1200.000,2020-08-25 18:00:00,-0.552,1.000,34.913,1.000,2.203,65.829,400,333,2020-08-25,2020-08,0.409,34.921
1200.000,2020-08-25 19:00:00,-0.553,1.000,34.912,1.000,2.203,65.829,400,333,2020-08-25,2020-08,0.405,34.921
1200.000,2020-08-25 20:00:00,-0.557,1.000,34.914,1.000,2.203,65.829,400,333,2020-08-25,2020-08,0.397,34.921
1200.000,2020-08-25 21:00:00,-0.553,1.000,34.914,1.000,2.203,65.829,400,333,2020-08-25,2020-08,0.384,34.921
1200.000,2020-08-25 22:00:00,-0.552,1.000,34.913,1.000,2.203,65.829,400,333,2020-08-25,2020-08,0.369,34.921
1200.000,2020-08-25 23:00:00,-0.536,1.000,34.910,1.000,2.203,65.829,400,333,2020-08-25,2020-08,0.356,34.921
1200.000,2020-08-26 00:00:00,-0.530,1.000,34.912,1.000,2.203,65.829,400,333,2020-08-26,2020-08,0.351,34.921
1200.000,2020-08-26 01:00:00,-0.532,1.000,34.912,1.000,2.203,65.829,400,333,2020-08-26,2020-08,0.354,34.921
1200.000,2020-08-26 02:00:00,-0.541,1.000,34.915,1.000,2.203,65.829,400,333,2020-08-26,2020-08,0.359,34.921
1200.000,2020-08-26 03:00:00,-0.549,1.000,34.913,1.000,2.203,65.829,400,333,2020-08-26,2020-08,0.366,34.921
1200.000,2020-08-26 04:00:00,-0.553,1.000,34.912,1.000,2.203,65.829,400,333,2020-08-26,2020-08,0.373,34.921
1200.000,2020-08-26 05:00:00,-0.546,1.000,34.914,1.000,2.203,65.829,400,333,2020-08-26,2020-08,0.377,34.921
1200.000,2020-08-26 06:00:00,-0.552,1.000,34.914,1.000,2.203,65.829,400,333,2020-08-26,2020-08,0.374,34.921
1200.000,2020-08-26 07:00:00,-0.550,1.000,34.913,1.000,2.203,65.829,400,333,2020-08-26,2020-08,0.367,34.921
1200.000,2020-08-26 08:00:00,-0.554,1.000,34.913,1.000,2.203,65.829,400,333,2020-08-26,2020-08,0.356,34.921
1200.000,2020-08-26 09:00:00,-0.546,1.000,34.913,1.000,2.203,65.829,400,333,2020-08-26,2020-08,0.348,34.921
1200.000,2020-08-26 10:00:00,-0.542,1.000,34.912,1.000,2.203,65.829,400,333,2020-08-26,2020-08,0.345,34.921
1200.000,2020-08-26 11:00:00,-0.550,1.000,34.913,1.000,2.203,65.829,400,333,2020-08-26,2020-08,0.348,34.921
1200.000,2020-08-26 12:00:00,-0.543,1.000,34.912,1.000,2.203,65.829,400,333,2020-08-26,2020-08,0.020,34.920
1200.000,2020-08-26 13:00:00,-0.528,1.000,34.913,1.000,2.203,65.829,400,333,2020-08-26,2020-08,0.009,34.920
1200.000,2020-08-26 14:00:00,-0.536,1.000,34.913,1.000,2.203,65.829,400,333,2020-08-26,2020-08,0.002,34.920
1200.000,2020-08-26 15:00:00,-0.545,1.000,34.914,1.000,2.203,65.829,400,333,2020-08-26,2020-08,0.000,34.920
1200.000,2020-08-26 16:00:00,-0.552,1.000,34.913,1.000,2.203,65.829,400,333,2020-08-26,2020-08,0.003,34.920
1200.000,2020-08-26 17:00:00,-0.549,1.000,34.913,1.000,2.203,65.829,400,333,2020-08-26,2020-08,0.008,34.920
1200.000,2020-08-26 18:00:00,-0.555,1.000,34.915,1.000,2.203,65.829,400,333,2020-08-26,2020-08,0.012,34.920
1200.000,2020-08-26 19:00:00,-0.560,1.000,34.913,1.000,2.203,65.829,400,333,2020-08-26,2020-08,0.014,34.920
1200.000,2020-08-26 20:00:00,-0.555,1.000,34.914,1.000,2.203,65.829,400,333,2020-08-26,2020-08,0.012,34.920
1200.000,2020-08-26 21:00:00,-0.554,1.000,34.913,1.000,2.203,65.829,400,333,2020-08-26,2020-08,0.004,34.920
1200.000,2020-08-26 22:00:00,-0.551,1.000,34.913,1.000,2.203,65.829,400,333,2020-08-26,2020-08,-0.007,34.920
1200.000,2020-08-26 23:00:00,-0.547,1.000,34.912,1.000,2.203,65.829,400,333,2020-08-26,2020-08,-0.018,34.920
1200.000,2020-08-27 00:00:00,-0.549,1.000,34.914,1.000,2.203,65.829,400,333,2020-08-27,2020-08,-0.026,34.920
1200.000,2020-08-27 01:00:00,-0.549,1.000,34.915,1.000,2.203,65.829,400,333,2020-08-27,2020-08,-0.029,34.920
1200.000,2020-08-27 02:00:00,-0.544,1.000,34.913,1.000,2.203,65.829,400,333,2020-08-27,2020-08,-0.029,34.920
1200.000,2020-08-27 03:00:00,-0.540,1.000,34.913,1.000,2.203,65.829,400,333,2020-08-27,2020-08,-0.027,34.920
1200.000,2020-08-27 04:00:00,-0.556,1.000,34.914,1.000,2.203,65.829,400,333,2020-08-27,2020-08,-0.024,34.920
1200.000,2020-08-27 05:00:00,-0.559,1.000,34.914,1.000,2.203,65.829,400,333,2020-08-27,2020-08,-0.021,34.920
1200.000,2020-08-27 06:00:00,-0.556,1.000,34.914,1.000,2.203,65.829,400,333,2020-08-27,2020-08,-0.020,34.920
1200.000,2020-08-27 07:00:00,-0.568,1.000,34.915,1.000,2.203,65.829,400,333,2020-08-27,2020-08,-0.020,34.920
1200.000,2020-08-27 08:00:00,-0.570,1.000,34.913,1.000,2.203,65.829,400,333,2020-08-27,2020-08,-0.023,34.920
1200.000,2020-08-27 09:00:00,-0.552,1.000,34.912,1.000,2.203,65.829,400,333,2020-08-27,2020-08,-0.025,34.920
1200.000,2020-08-27 10:00:00,-0.548,1.000,34.914,1.000,2.203,65.829,400,333,2020-08-27,2020-08,-0.026,34.920
1200.000,2020-08-27 11:00:00,-0.553,1.000,34.913,1.000,2.203,65.829,400,333,2020-08-27,2020-08,-0.025,34.920
1200.000,2020-08-27 12:00:00,-0.550,1.000,34.913,1.000,2.203,65.829,400,333,2020-08-27,2020-08,-0.527,34.930
1200.000,2020-08-27 13:00:00,-0.549,1.000,34.914,1.000,2.203,65.829,400,333,2020-08-27,2020-08,-0.526,34.930
1200.000,2020-08-27 14:00:00,-0.555,1.000,34.914,1.000,2.203,65.829,400,333,2020-08-27,2020-08,-0.526,34.930
1200.000,2020-08-27 15:00:00,-0.549,1.000,34.913,1.000,2.203,65.829,400,333,2020-08-27,2020-08,-0.527,34.930
1200.000,2020-08-27 16:00:00,-0.549,1.000,34.914,1.000,2.203,65.829,400,333,2020-08-27,2020-08,-0.528,34.930
1200.000,2020-08-27 17:00:00,-0.555,1.000,34.915,1.000,2.203,65.829,400,333,2020-08-27,2020-08,-0.530,34.930
1200.000,2020-08-27 18:00:00,-0.559,1.000,34.915,1.000,2.203,65.829,400,333,2020-08-27,2020-08,-0.532,34.931
1200.000,2020-08-27 19:00:00,-0.560,1.000,34.913,1.000,2.203,65.829,400,333,2020-08-27,2020-08,-0.535,34.931
1200.000,2020-08-27 20:00:00,-0.552,1.000,34.913,1.000,2.203,65.829,400,333,2020-08-27,2020-08,-0.538,34.931
1200.000,2020-08-27 21:00:00,-0.556,1.000,34.914,1.000,2.203,65.829,400,333,2020-08-27,2020-08,-0.540,34.931
1200.000,2020-08-27 22:00:00,-0.548,1.000,34.912,1.000,2.203,65.829,400,333,2020-08-27,2020-08,-0.542,34.931
1200.000,2020-08-27 23:00:00,-0.550,1.000,34.913,1.000,2.203,65.829,400,333,2020-08-27,2020-08,-0.542,34.931
1200.000,2020-08-28 00:00:00,-0.538,1.000,34.912,1.000,2.203,65.829,400,333,2020-08-28,2020-08,-0.541,34.931
1200.000,2020-08-28 01:00:00,-0.539,1.000,34.914,1.000,2.203,65.829,400,333,2020-08-28,2020-08,-0.540,34.931
1200.000,2020-08-28 02:00:00,-0.550,1.000,34.913,1.000,2.203,65.829,400,333,2020-08-28,2020-08,-0.538,34.931
1200.000,2020-08-28 03:00:00,-0.559,1.000,34.914,1.000,2.203,65.829,400,333,2020-08-28,2020-08,-0.537,34.931
1200.000,2020-08-28 04:00:00,-0.559,1.000,34.913,1.000,2.203,65.829,400,333,2020-08-28,2020-08,-0.535,34.931
1200.000,2020-08-28 05:00:00,-0.556,1.000,34.914,1.000,2.203,65.829,400,333,2020-08-28,2020-08,-0.534,34.931
1200.000,2020-08-28 06:00:00,-0.550,1.000,34.914,1.000,2.203,65.829,400,333,2020-08-28,2020-08,-0.535,34.931
1200.000,2020-08-28 07:00:00,-0.558,1.000,34.915,1.000,2.203,65.829,400,333,2020-08-28,2020-08,-0.536,34.931
1200.000,2020-08-28 08:00:00,-0.549,1.000,34.913,1.000,2.203,65.829,400,333,2020-08-28,2020-08,-0.537,34.931
1200.000,2020-08-28 09:00:00,-0.526,1.000,34.912,1.000,2.203,65.829,400,333,2020-08-28,2020-08,-0.539,34.931
1200.000,2020-08-28 10:00:00,-0.529,1.000,34.914,1.000,2.203,65.829,400,333,2020-08-28,2020-08,-0.540,34.931
1200.000,2020-08-28 11:00:00,-0.543,1.000,34.913,1.000,2.203,65.829,400,333,2020-08-28,2020-08,-0.541,34.931
1200.000,2020-08-28 12:00:00,-0.549,1.000,34.914,1.000,2.203,65.829,400,333,2020-08-28,2020-08,3.237,34.952
1200.000,2020-08-28 13:00:00,-0.564,1.000,34.913,1.000,2.203,65.829,400,333,2020-08-28,2020-08,3.222,34.952
1200.000,2020-08-28 14:00:00,-0.561,1.000,34.913,1.000,2.203,65.829,400,333,2020-08-28,2020-08,3.194,34.951
1200.000,2020-08-28 15:00:00,-0.554,1.000,34.913,1.000,2.203,65.829,400,333,2020-08-28,2020-08,3.175,34.951
1200.000,2020-08-28 16:00:00,-0.556,1.000,34.914,1.000,2.203,65.829,400,333,2020-08-28,2020-08,3.184,34.951
1200.000,2020-08-28 17:00:00,-0.555,1.000,34.913,1.000,2.203,65.829,400,333,2020-08-28,2020-08,3.217,34.951
1200.000,2020-08-28 18:00:00,-0.528,1.000,34.912,1.000,2.203,65.829,400,333,2020-08-28,2020-08,3.258,34.952
1200.000,2020-08-28 19:00:00,-0.538,1.000,34.914,1.000,2.203,65.829,400,333,2020-08-28,2020-08,3.295,34.952
1200.000,2020-08-28 20:00:00,-0.537,1.000,34.913,1.000,2.203,65.829,400,333,2020-08-28,2020-08,3.326,34.952
1200.000,2020-08-28 21:00:00,-0.529,1.000,34.914,1.000,2.203,65.829,400,333,2020-08-28,2020-08,3.345,34.952
1200.000,2020-08-28 22:00:00,-0.536,1.000,34.915,1.000,2.203,65.829,400,333,2020-08-28,2020-08,3.342,34.952
1200.000,2020-08-28 23:00:00,-0.534,1.000,34.914,1.000,2.203,65.829,400,333,2020-08-28,2020-08,3.335,34.952
1200.000,2020-08-29 00:00:00,-0.553,1.000,34.912,1.000,2.203,65.829,400,333,2020-08-29,2020-08,3.333,34.951
1200.000,2020-08-29 01:00:00,-0.563,1.000,34.914,1.000,2.203,65.829,400,333,2020-08-29,2020-08,3.317,34.951
1200.000,2020-08-29 02:00:00,-0.558,1.000,34.914,1.000,2.203,65.829,400,333,2020-08-29,2020-08,3.284,34.951
1200.000,2020-08-29 03:00:00,-0.553,1.000,34.914,1.000,2.203,65.829,400,333,2020-08-29,2020-08,3.260,34.950
1200.000,2020-08-29 04:00:00,-0.552,1.000,34.913,1.000,2.203,65.829,400,333,2020-08-29,2020-08,3.266,34.950
1200.000,2020-08-29 05:00:00,-0.547,1.000,34.917,1.000,2.203,65.829,400,333,2020-08-29,2020-08,3.303,34.951
1200.000,2020-08-29 06:00:00,-0.551,1.000,34.914,1.000,2.203,65.829,400,333,2020-08-29,2020-08,3.346,34.951
1200.000,2020-08-29 07:00:00,-0.534,1.000,34.910,1.000,2.203,65.829,400,333,2020-08-29,2020-08,3.371,34.951
1200.000,2020-08-29 08:00:00,-0.522,1.000,34.911,1.000,2.203,65.829,400,333,2020-08-29,2020-08,3.376,34.951
1200.000,2020-08-29 09:00:00,-0.534,1.000,34.914,1.000,2.203,65.829,400,333,2020-08-29,2020-08,3.375,34.951
1200.000,2020-08-29 10:00:00,-0.539,1.000,34.914,1.000,2.203,65.829,400,333,2020-08-29,2020-08,3.380,34.951
1200.000,2020-08-29 11:00:00,-0.554,1.000,34.914,1.000,2.203,65.829,400,333,2020-08-29,2020-08,3.389,34.951
1200.000,2020-08-29 12:00:00,-0.574,1.000,34.915,1.000,2.203,65.829,400,333,2020-08-29,2020-08,0.992,34.926
1200.000,2020-08-29 13:00:00,-0.576,1.000,34.914,1.000,2.203,65.829,400,333,2020-08-29,2020-08,1.002,34.926
1200.000,2020-08-29 14:00:00,-0.568,1.000,34.913,1.000,2.203,65.829,400,333,2020-08-29,2020-08,1.012,34.926
1200.000,2020-08-29 15:00:00,-0.548,1.000,34.912,1.000,2.203,65.829,400,333,2020-08-29,2020-08,1.026,34.926
1200.000,2020-08-29 16:00:00,-0.540,1.000,34.912,1.000,2.203,65.829,400,333,2020-08-29,2020-08,1.046,34.926
1200.000,2020-08-29 17:00:00,-0.542,1.000,34.914,1.000,2.203,65.829,400,333,2020-08-29,2020-08,1.066,34.927
1200.000,2020-08-29 18:00:00,-0.543,1.000,34.913,1.000,2.203,65.829,400,333,2020-08-29,2020-08,1.076,34.927
1200.000,2020-08-29 19:00:00,-0.543,1.000,34.913,1.000,2.203,65.829,400,333,2020-08-29,2020-08,1.074,34.927
1200.000,2020-08-29 20:00:00,-0.545,1.000,34.913,1.000,2.203,65.829,400,333,2020-08-29,2020-08,1.064,34.926
1200.000,2020-08-29 21:00:00,-0.546,1.000,34.914,1.000,2.203,65.829,400,333,2020-08-29,2020-08,1.052,34.926
1200.000,2020-08-29 22:00:00,-0.567,1.000,34.915,1.000,2.203,65.829,400,333,2020-08-29,2020-08,1.038,34.926
1200.000,2020-08-29 23:00:00,-0.577,1.000,34.914,1.000,2.203,65.829,400,333,2020-08-29,2020-08,1.031,34.926
1200.000,2020-08-30 00:00:00,-0.568,1.000,34.912,1.000,2.203,65.829,400,333,2020-08-30,2020-08,1.031,34.926
1200.000,2020-08-30 01:00:00,-0.560,1.000,34.914,1.000,2.203,65.829,400,333,2020-08-30,2020-08,1.030,34.926
1200.000,2020-08-30 02:00:00,-0.565,1.000,34.914,1.000,2.203,65.829,400,333,2020-08-30,2020-08,1.028,34.926
1200.000,2020-08-30 03:00:00,-0.562,1.000,34.914,1.000,2.203,65.829,400,333,2020-08-30,2020-08,1.037,34.926
1200.000,2020-08-30 04:00:00,-0.548,1.000,34.912,1.000,2.203,65.829,400,333,2020-08-30,2020-08,1.062,34.926
1200.000,2020-08-30 05:00:00,-0.542,1.000,34.914,1.000,2.203,65.829,400,333,2020-08-30,2020-08,1.096,34.927
1200.000,2020-08-30 06:00:00,-0.555,1.000,34.913,1.000,2.203,65.829,400,333,2020-08-30,2020-08,1.122,34.927
1200.000,2020-08-30 07:00:00,-0.554,1.000,34.913,1.000,2.203,65.829,400,333,2020-08-30,2020-08,1.124,34.927
1200.000,2020-08-30 08:00:00,-0.554,1.000,34.914,1.000,2.203,65.829,400,333,2020-08-30,2020-08,1.102,34.927
1200.000,2020-08-30 09:00:00,-0.550,1.000,34.914,1.000,2.203,65.829,400,333,2020-08-30,2020-08,1.073,34.926
1200.000,2020-08-30 10:00:00,-0.552,1.000,34.914,1.000,2.203,65.829,400,333,2020-08-30,2020-08,1.051,34.926
1200.000,2020-08-30 11:00:00,-0.572,1.000,34.914,1.000,2.203,65.829,400,333,2020-08-30,2020-08,1.042,34.926
1200.000,2020-08-30 12:00:00,-0.571,1.000,34.912,1.000,2.203,65.829,400,333,2020-08-30,2020-08,0.353,34.921
1200.000,2020-08-30 13:00:00,-0.569,1.000,34.914,1.000,2.203,65.829,400,333,2020-08-30,2020-08,0.362,34.921
1200.000,2020-08-30 14:00:00,-0.571,1.000,34.914,1.000,2.203,65.829,400,333,2020-08-30,2020-08,0.369,34.921
1200.000,2020-08-30 15:00:00,-0.578,1.000,34.913,1.000,2.203,65.829,400,333,2020-08-30,2020-08,0.378,34.921
1200.000,2020-08-30 16:00:00,-0.558,1.000,34.913,1.000,2.203,65.829,400,333,2020-08-30,2020-08,0.387,34.921
1200.000,2020-08-30 17:00:00,-0.552,1.000,34.914,1.000,2.203,65.829,400,333,2020-08-30,2020-08,0.394,34.921
1200.000,2020-08-30 18:00:00,-0.554,1.000,34.914,1.000,2.203,65.829,400,333,2020-08-30,2020-08,0.395,34.921
1200.000,2020-08-30 19:00:00,-0.559,1.000,34.914,1.000,2.203,65.829,400,333,2020-08-30,2020-08,0.390,34.921
1200.000,2020-08-30 20:00:00,-0.557,1.000,34.914,1.000,2.203,65.829,400,333,2020-08-30,2020-08,0.384,34.921
1200.000,2020-08-30 21:00:00,-0.562,1.000,34.914,1.000,2.203,65.829,400,333,2020-08-30,2020-08,0.379,34.921
1200.000,2020-08-30 22:00:00,-0.555,1.000,34.914,1.000,2.203,65.829,400,333,2020-08-30,2020-08,0.376,34.921
1200.000,2020-08-30 23:00:00,-0.553,1.000,34.914,1.000,2.203,65.829,400,333,2020-08-30,2020-08,0.378,34.921
1200.000,2020-08-31 00:00:00,-0.561,1.000,34.914,1.000,2.203,65.829,400,333,2020-08-31,2020-08,0.383,34.921
1200.000,2020-08-31 01:00:00,-0.566,1.000,34.915,1.000,2.203,65.829,400,333,2020-08-31,2020-08,0.385,34.921
1200.000,2020-08-31 02:00:00,-0.572,1.000,34.913,1.000,2.203,65.829,400,333,2020-08-31,2020-08,0.386,34.921
1200.000,2020-08-31 03:00:00,-0.568,1.000,34.913,1.000,2.203,65.829,400,333,2020-08-31,2020-08,0.393,34.921
1200.000,2020-08-31 04:00:00,-0.559,1.000,34.914,1.000,2.203,65.829,400,333,2020-08-31,2020-08,0.406,34.921
1200.000,2020-08-31 05:00:00,-0.558,1.000,34.914,1.000,2.203,65.829,400,333,2020-08-31,2020-08,0.422,34.921
1200.000,2020-08-31 06:00:00,-0.560,1.000,34.913,1.000,2.203,65.829,400,333,2020-08-31,2020-08,0.431,34.921
1200.000,2020-08-31 07:00:00,-0.554,1.000,34.914,1.000,2.203,65.829,400,333,2020-08-31,2020-08,0.425,34.921
1200.000,2020-08-31 08:00:00,-0.554,1.000,34.913,1.000,2.203,65.829,400,333,2020-08-31,2020-08,0.408,34.921
1200.000,2020-08-31 09:00:00,-0.553,1.000,34.913,1.000,2.203,65.829,400,333,2020-08-31,2020-08,0.390,34.921
1200.000,2020-08-31 10:00:00,-0.555,1.000,34.912,1.000,2.203,65.829,400,333,2020-08-31,2020-08,0.379,34.921
1200.000,2020-08-31 11:00:00,-0.565,1.000,34.915,1.000,2.203,65.829,400,333,2020-08-31,2020-08,0.378,34.921
1200.000,2020-08-31 12:00:00,-0.573,1.000,34.912,1.000,2.203,65.829,400,333,2020-08-31,2020-08,-0.024,34.920
1200.000,2020-08-31 13:00:00,-0.553,1.000,34.914,1.000,2.203,65.829,400,333,2020-08-31,2020-08,-0.022,34.920
1200.000,2020-08-31 14:00:00,-0.566,1.000,34.913,1.000,2.203,65.829,400,333,2020-08-31,2020-08,-0.020,34.920
1200.000,2020-08-31 15:00:00,-0.573,1.000,34.913,1.000,2.203,65.829,400,333,2020-08-31,2020-08,-0.016,34.920
1200.000,2020-08-31 16:00:00,-0.560,1.000,34.911,1.000,2.203,65.829,400,333,2020-08-31,2020-08,-0.012,34.920
1200.000,2020-08-31 17:00:00,-0.558,1.000,34.915,1.000,2.203,65.829,400,333,2020-08-31,2020-08,-0.008,34.920
1200.000,2020-08-31 18:00:00,-0.554,1.000,34.913,1.000,2.203,65.829,400,333,2020-08-31,2020-08,-0.006,34.920
1200.000,2020-08-31 19:00:00,-0.553,1.000,34.914,1.000,2.203,65.829,400,333,2020-08-31,2020-08,-0.007,34.920
1200.000,2020-08-31 20:00:00,-0.553,1.000,34.913,1.000,2.203,65.829,400,333,2020-08-31,2020-08,-0.006,34.920
1200.000,2020-08-31 21:00:00,-0.548,1.000,34.915,1.000,2.203,65.829,400,333,2020-08-31,2020-08,-0.004,34.920
1200.000,2020-08-31 22:00:00,-0.543,1.000,34.916,1.000,2.203,65.829,400,333,2020-08-31,2020-08,-0.002,34.920
1200.000,2020-08-31 23:00:00,-0.542,1.000,34.914,1.000,2.203,65.829,400,333,2020-08-31,2020-08,-0.000,34.920
2000.000,2020-08-25 12:00:00,-0.785,1.000,34.916,3.000,2.203,65.829,400,333,2020-08-25,2020-08,0.002,34.920
2000.000,2020-08-25 13:00:00,-0.785,1.000,34.916,3.000,2.203,65.829,400,333,2020-08-25,2020-08,0.001,34.920
2000.000,2020-08-25 14:00:00,-0.787,1.000,34.915,3.000,2.203,65.829,400,333,2020-08-25,2020-08,-0.001,34.920
2000.000,2020-08-25 15:00:00,-0.791,1.000,34.916,3.000,2.203,65.829,400,333,2020-08-25,2020-08,0.001,34.920
2000.000,2020-08-25 16:00:00,-0.790,1.000,34.916,3.000,2.203,65.829,400,333,2020-08-25,2020-08,0.006,34.920
2000.000,2020-08-25 17:00:00,-0.791,1.000,34.916,3.000,2.203,65.829,400,333,2020-08-25,2020-08,0.014,34.920
2000.000,2020-08-25 18:00:00,-0.790,1.000,34.916,3.000,2.203,65.829,400,333,2020-08-25,2020-08,0.018,34.920
2000.000,2020-08-25 19:00:00,-0.790,1.000,34.916,3.000,2.203,65.829,400,333,2020-08-25,2020-08,0.016,34.920
2000.000,2020-08-25 20:00:00,-0.790,1.000,34.916,3.000,2.203,65.829,400,333,2020-08-25,2020-08,0.007,34.920
2000.000,2020-08-25 21:00:00,-0.790,1.000,34.916,3.000,2.203,65.829,400,333,2020-08-25,2020-08,-0.001,34.920
2000.000,2020-08-25 22:00:00,-0.789,1.000,34.916,3.000,2.203,65.829,400,333,2020-08-25,2020-08,-0.004,34.920
2000.000,2020-08-25 23:00:00,-0.788,1.000,34.916,3.000,2.203,65.829,400,333,2020-08-25,2020-08,-0.002,34.920
2000.000,2020-08-26 00:00:00,-0.788,1.000,34.916,3.000,2.203,65.829,400,333,2020-08-26,2020-08,-0.538,34.931
2000.000,2020-08-26 01:00:00,-0.788,1.000,34.916,3.000,2.203,65.829,400,333,2020-08-26,2020-08,-0.536,34.931
2000.000,2020-08-26 02:00:00,-0.788,1.000,34.916,3.000,2.203,65.829,400,333,2020-08-26,2020-08,-0.534,34.931
2000.000,2020-08-26 03:00:00,-0.784,1.000,34.913,3.000,2.203,65.829,400,333,2020-08-26,2020-08,-0.532,34.930
2000.000,2020-08-26 04:00:00,-0.788,1.000,34.917,3.000,2.203,65.829,400,333,2020-08-26,2020-08,-0.530,34.930
2000.000,2020-08-26 05:00:00,-0.788,1.000,34.916,3.000,2.203,65.829,400,333,2020-08-26,2020-08,-0.528,34.930
2000.000,2020-08-26 06:00:00,-0.788,1.000,34.917,3.000,2.203,65.829,400,333,2020-08-26,2020-08,-0.527,34.930
2000.000,2020-08-26 07:00:00,-0.786,1.000,34.916,3.000,2.203,65.829,400,333,2020-08-26,2020-08,-0.527,34.930
2000.000,2020-08-26 08:00:00,-0.785,1.000,34.916,3.000,2.203,65.829,400,333,2020-08-26,2020-08,-0.528,34.930
2000.000,2020-08-26 09:00:00,-0.785,1.000,34.917,3.000,2.203,65.829,400,333,2020-08-26,2020-08,-0.529,34.930
2000.000,2020-08-26 10:00:00,-0.785,1.000,34.917,3.000,2.203,65.829,400,333,2020-08-26,2020-08,-0.530,34.930
2000.000,2020-08-26 11:00:00,-0.785,1.000,34.916,3.000,2.203,65.829,400,333,2020-08-26,2020-08,-0.531,34.930
2000.000,2020-08-26 12:00:00,-0.785,1.000,34.917,3.000,2.203,65.829,400,333,2020-08-26,2020-08,-0.531,34.930
2000.000,2020-08-26 13:00:00,-0.784,1.000,34.916,3.000,2.203,65.829,400,333,2020-08-26,2020-08,-0.531,34.930
2000.000,2020-08-26 14:00:00,-0.784,1.000,34.917,3.000,2.203,65.829,400,333,2020-08-26,2020-08,-0.530,34.930
2000.000,2020-08-26 15:00:00,-0.784,1.000,34.917,3.000,2.203,65.829,400,333,2020-08-26,2020-08,-0.528,34.930
2000.000,2020-08-26 16:00:00,-0.783,1.000,34.917,3.000,2.203,65.829,400,333,2020-08-26,2020-08,-0.527,34.930
2000.000,2020-08-26 17:00:00,-0.785,1.000,34.917,3.000,2.203,65.829,400,333,2020-08-26,2020-08,-0.525,34.930
2000.000,2020-08-26 18:00:00,-0.786,1.000,34.916,3.000,2.203,65.829,400,333,2020-08-26,2020-08,-0.525,34.930
2000.000,2020-08-26 19:00:00,-0.787,1.000,34.917,3.000,2.203,65.829,400,333,2020-08-26,2020-08,-0.526,34.930
2000.000,2020-08-26 20:00:00,-0.786,1.000,34.917,3.000,2.203,65.829,400,333,2020-08-26,2020-08,-0.527,34.930
2000.000,2020-08-26 21:00:00,-0.787,1.000,34.916,3.000,2.203,65.829,400,333,2020-08-26,2020-08,-0.529,34.930
2000.000,2020-08-26 22:00:00,-0.785,1.000,34.918,3.000,2.203,65.829,400,333,2020-08-26,2020-08,-0.531,34.930
2000.000,2020-08-26 23:00:00,-0.779,1.000,34.915,3.000,2.203,65.829,400,333,2020-08-26,2020-08,-0.532,34.931
2000.000,2020-08-27 00:00:00,-0.784,1.000,34.917,3.000,2.203,65.829,400,333,2020-08-27,2020-08,3.398,34.951
2000.000,2020-08-27 01:00:00,-0.788,1.000,34.917,3.000,2.203,65.829,400,333,2020-08-27,2020-08,3.401,34.951
2000.000,2020-08-27 02:00:00,-0.790,1.000,34.917,3.000,2.203,65.829,400,333,2020-08-27,2020-08,3.394,34.950
2000.000,2020-08-27 03:00:00,-0.791,1.000,34.916,3.000,2.203,65.829,400,333,2020-08-27,2020-08,3.379,34.950
2000.000,2020-08-27 04:00:00,-0.792,1.000,34.917,3.000,2.203,65.829,400,333,2020-08-27,2020-08,3.369,34.950
2000.000,2020-08-27 05:00:00,-0.792,1.000,34.916,3.000,2.203,65.829,400,333,2020-08-27,2020-08,3.370,34.950
2000.000,2020-08-27 06:00:00,-0.792,1.000,34.916,3.000,2.203,65.829,400,333,2020-08-27,2020-08,3.379,34.950
2000.000,2020-08-27 07:00:00,-0.792,1.000,34.916,3.000,2.203,65.829,400,333,2020-08-27,2020-08,3.390,34.950
2000.000,2020-08-27 08:00:00,-0.792,1.000,34.917,3.000,2.203,65.829,400,333,2020-08-27,2020-08,3.399,34.950
2000.000,2020-08-27 09:00:00,-0.792,1.000,34.917,3.000,2.203,65.829,400,333,2020-08-27,2020-08,3.409,34.950
2000.000,2020-08-27 10:00:00,-0.789,1.000,34.917,3.000,2.203,65.829,400,333,2020-08-27,2020-08,3.424,34.950
2000.000,2020-08-27 11:00:00,-0.790,1.000,34.917,3.000,2.203,65.829,400,333,2020-08-27,2020-08,3.441,34.950
2000.000,2020-08-27 12:00:00,-0.789,1.000,34.916,3.000,2.203,65.829,400,333,2020-08-27,2020-08,3.454,34.950
2000.000,2020-08-27 13:00:00,-0.788,1.000,34.916,3.000,2.203,65.829,400,333,2020-08-27,2020-08,3.461,34.950
2000.000,2020-08-27 14:00:00,-0.789,1.000,34.917,3.000,2.203,65.829,400,333,2020-08-27,2020-08,3.453,34.950
2000.000,2020-08-27 15:00:00,-0.788,1.000,34.917,3.000,2.203,65.829,400,333,2020-08-27,2020-08,3.429,34.950
2000.000,2020-08-27 16:00:00,-0.787,1.000,34.917,3.000,2.203,65.829,400,333,2020-08-27,2020-08,3.401,34.949
2000.000,2020-08-27 17:00:00,-0.789,1.000,34.916,3.000,2.203,65.829,400,333,2020-08-27,2020-08,3.386,34.949
2000.000,2020-08-27 18:00:00,-0.790,1.000,34.917,3.000,2.203,65.829,400,333,2020-08-27,2020-08,3.391,34.949
2000.000,2020-08-27 19:00:00,-0.789,1.000,34.916,3.000,2.203,65.829,400,333,2020-08-27,2020-08,3.406,34.949
2000.000,2020-08-27 20:00:00,-0.787,1.000,34.916,3.000,2.203,65.829,400,333,2020-08-27,2020-08,3.417,34.949
2000.000,2020-08-27 21:00:00,-0.788,1.000,34.916,3.000,2.203,65.829,400,333,2020-08-27,2020-08,3.426,34.949
2000.000,2020-08-27 22:00:00,-0.786,1.000,34.917,3.000,2.203,65.829,400,333,2020-08-27,2020-08,3.440,34.949
2000.000,2020-08-27 23:00:00,-0.784,1.000,34.916,3.000,2.203,65.829,400,333,2020-08-27,2020-08,3.463,34.949
2000.000,2020-08-28 00:00:00,-0.782,1.000,34.917,3.000,2.203,65.829,400,333,2020-08-28,2020-08,1.046,34.926
2000.000,2020-08-28 01:00:00,-0.780,1.000,34.917,3.000,2.203,65.829,400,333,2020-08-28,2020-08,1.055,34.926
2000.000,2020-08-28 02:00:00,-0.779,1.000,34.917,3.000,2.203,65.829,400,333,2020-08-28,2020-08,1.062,34.926
2000.000,2020-08-28 03:00:00,-0.779,1.000,34.917,3.000,2.203,65.829,400,333,2020-08-28,2020-08,1.071,34.926
2000.000,2020-08-28 04:00:00,-0.781,1.000,34.917,3.000,2.203,65.829,400,333,2020-08-28,2020-08,1.088,34.926
2000.000,2020-08-28 05:00:00,-0.783,1.000,34.916,3.000,2.203,65.829,400,333,2020-08-28,2020-08,1.107,34.927
2000.000,2020-08-28 06:00:00,-0.786,1.000,34.917,3.000,2.203,65.829,400,333,2020-08-28,2020-08,1.123,34.927
2000.000,2020-08-28 07:00:00,-0.787,1.000,34.917,3.000,2.203,65.829,400,333,2020-08-28,2020-08,1.125,34.927
2000.000,2020-08-28 08:00:00,-0.782,1.000,34.917,3.000,2.203,65.829,400,333,2020-08-28,2020-08,1.111,34.926
2000.000,2020-08-28 09:00:00,-0.779,1.000,34.917,3.000,2.203,65.829,400,333,2020-08-28,2020-08,1.087,34.926
2000.000,2020-08-28 10:00:00,-0.778,1.000,34.917,3.000,2.203,65.829,400,333,2020-08-28,2020-08,1.065,34.926
2000.000,2020-08-28 11:00:00,-0.786,1.000,34.917,3.000,2.203,65.829,400,333,2020-08-28,2020-08,1.049,34.926
2000.000,2020-08-28 12:00:00,-0.786,1.000,34.918,3.000,2.203,65.829,400,333,2020-08-28,2020-08,1.044,34.925
2000.000,2020-08-28 13:00:00,-0.779,1.000,34.917,3.000,2.203,65.829,400,333,2020-08-28,2020-08,1.049,34.925
2000.000,2020-08-28 14:00:00,-0.775,1.000,34.917,3.000,2.203,65.829,400,333,2020-08-28,2020-08,1.051,34.926
2000.000,2020-08-28 15:00:00,-0.778,1.000,34.915,3.000,2.203,65.829,400,333,2020-08-28,2020-08,1.049,34.926
2000.000,2020-08-28 16:00:00,-0.769,1.000,34.916,3.000,2.203,65.829,400,333,2020-08-28,2020-08,1.047,34.926
2000.000,2020-08-28 17:00:00,-0.762,1.000,34.916,3.000,2.203,65.829,400,333,2020-08-28,2020-08,1.053,34.926
2000.000,2020-08-28 18:00:00,-0.760,1.000,34.917,3.000,2.203,65.829,400,333,2020-08-28,2020-08,1.067,34.926
2000.000,2020-08-28 19:00:00,-0.758,1.000,34.917,3.000,2.203,65.829,400,333,2020-08-28,2020-08,1.080,34.926
2000.000,2020-08-28 20:00:00,-0.758,1.000,34.918,3.000,2.203,65.829,400,333,2020-08-28,2020-08,1.081,34.926
2000.000,2020-08-28 21:00:00,-0.758,1.000,34.918,3.000,2.203,65.829,400,333,2020-08-28,2020-08,1.071,34.925
2000.000,2020-08-28 22:00:00,-0.757,1.000,34.917,3.000,2.203,65.829,400,333,2020-08-28,2020-08,1.056,34.925
2000.000,2020-08-28 23:00:00,-0.754,1.000,34.917,3.000,2.203,65.829,400,333,2020-08-28,2020-08,1.045,34.925
2000.000,2020-08-29 00:00:00,-0.755,1.000,34.917,3.000,2.203,65.829,400,333,2020-08-29,2020-08,0.387,34.921
2000.000,2020-08-29 01:00:00,-0.755,1.000,34.917,3.000,2.203,65.829,400,333,2020-08-29,2020-08,0.396,34.921
2000.000,2020-08-29 02:00:00,-0.755,1.000,34.917,3.000,2.203,65.829,400,333,2020-08-29,2020-08,0.403,34.921
2000.000,2020-08-29 03:00:00,-0.755,1.000,34.917,3.000,2.203,65.829,400,333,2020-08-29,2020-08,0.410,34.921
2000.000,2020-08-29 04:00:00,-0.757,1.000,34.917,3.000,2.203,65.829,400,333,2020-08-29,2020-08,0.418,34.921
2000.000,2020-08-29 05:00:00,-0.762,1.000,34.917,3.000,2.203,65.829,400,333,2020-08-29,2020-08,0.426,34.921
2000.000,2020-08-29 06:00:00,-0.767,1.000,34.917,3.000,2.203,65.829,400,333,2020-08-29,2020-08,0.429,34.921
2000.000,2020-08-29 07:00:00,-0.770,1.000,34.918,3.000,2.203,65.829,400,333,2020-08-29,2020-08,0.423,34.921
2000.000,2020-08-29 08:00:00,-0.780,1.000,34.917,3.000,2.203,65.829,400,333,2020-08-29,2020-08,0.407,34.921
2000.000,2020-08-29 09:00:00,-0.780,1.000,34.917,3.000,2.203,65.829,400,333,2020-08-29,2020-08,0.388,34.921
2000.000,2020-08-29 10:00:00,-0.778,1.000,34.916,3.000,2.203,65.829,400,333,2020-08-29,2020-08,0.372,34.921
2000.000,2020-08-29 11:00:00,-0.777,1.000,34.916,3.000,2.203,65.829,400,333,2020-08-29,2020-08,0.362,34.921
2000.000,2020-08-29 12:00:00,-0.779,1.000,34.917,3.000,2.203,65.829,400,333,2020-08-29,2020-08,0.362,34.921
2000.000,2020-08-29 13:00:00,-0.780,1.000,34.917,3.000,2.203,65.829,400,333,2020-08-29,2020-08,0.368,34.921
2000.000,2020-08-29 14:00:00,-0.780,1.000,34.916,3.000,2.203,65.829,400,333,2020-08-29,2020-08,0.372,34.921
2000.000,2020-08-29 15:00:00,-0.781,1.000,34.917,3.000,2.203,65.829,400,333,2020-08-29,2020-08,0.372,34.921
2000.000,2020-08-29 16:00:00,-0.781,1.000,34.918,3.000,2.203,65.829,400,333,2020-08-29,2020-08,0.370,34.921
2000.000,2020-08-29 17:00:00,-0.782,1.000,34.917,3.000,2.203,65.829,400,333,2020-08-29,2020-08,0.371,34.921
2000.000,2020-08-29 18:00:00,-0.785,1.000,34.917,3.000,2.203,65.829,400,333,2020-08-29,2020-08,0.373,34.921
2000.000,2020-08-29 19:00:00,-0.786,1.000,34.917,3.000,2.203,65.829,400,333,2020-08-29,2020-08,0.373,34.921
2000.000,2020-08-29 20:00:00,-0.786,1.000,34.916,3.000,2.203,65.829,400,333,2020-08-29,2020-08,0.368,34.920
2000.000,2020-08-29 21:00:00,-0.786,1.000,34.917,3.000,2.203,65.829,400,333,2020-08-29,2020-08,0.357,34.920
2000.000,2020-08-29 22:00:00,-0.789,1.000,34.917,3.000,2.203,65.829,400,333,2020-08-29,2020-08,0.346,34.920
2000.000,2020-08-29 23:00:00,-0.791,1.000,34.916,3.000,2.203,65.829,400,333,2020-08-29,2020-08,0.340,34.920
2000.000,2020-08-30 00:00:00,-0.792,1.000,34.916,3.000,2.203,65.829,400,333,2020-08-30,2020-08,0.003,34.920
2000.000,2020-08-30 01:00:00,-0.786,1.000,34.917,3.000,2.203,65.829,400,333,2020-08-30,2020-08,0.007,34.920
2000.000,2020-08-30 02:00:00,-0.787,1.000,34.916,3.000,2.203,65.829,400,333,2020-08-30,2020-08,0.010,34.920
2000.000,2020-08-30 03:00:00,-0.786,1.000,34.917,3.000,2.203,65.829,400,333,2020-08-30,2020-08,0.012,34.920
2000.000,2020-08-30 04:00:00,-0.786,1.000,34.916,3.000,2.203,65.829,400,333,2020-08-30,2020-08,0.015,34.920
2000.000,2020-08-30 05:00:00,-0.784,1.000,34.916,3.000,2.203,65.829,400,333,2020-08-30,2020-08,0.018,34.920
2000.000,2020-08-30 06:00:00,-0.783,1.000,34.917,3.000,2.203,65.829,400,333,2020-08-30,2020-08,0.017,34.920
2000.000,2020-08-30 07:00:00,-0.783,1.000,34.917,3.000,2.203,65.829,400,333,2020-08-30,2020-08,0.012,34.920
2000.000,2020-08-30 08:00:00,-0.783,1.000,34.918,3.000,2.203,65.829,400,333,2020-08-30,2020-08,0.001,34.920
2000.000,2020-08-30 09:00:00,-0.782,1.000,34.917,3.000,2.203,65.829,400,333,2020-08-30,2020-08,-0.011,34.920
2000.000,2020-08-30 10:00:00,-0.775,1.000,34.917,3.000,2.203,65.829,400,333,2020-08-30,2020-08,-0.022,34.920
2000.000,2020-08-30 11:00:00,-0.767,1.000,34.916,3.000,2.203,65.829,400,333,2020-08-30,2020-08,-0.026,34.920
2000.000,2020-08-30 12:00:00,-0.757,1.000,34.917,3.000,2.203,65.829,400,333,2020-08-30,2020-08,-0.026,34.920
2000.000,2020-08-30 13:00:00,-0.755,1.000,34.917,3.000,2.203,65.829,400,333,2020-08-30,2020-08,-0.021,34.920
2000.000,2020-08-30 14:00:00,-0.754,1.000,34.917,3.000,2.203,65.829,400,333,2020-08-30,2020-08,-0.018,34.920
2000.000,2020-08-30 15:00:00,-0.755,1.000,34.916,3.000,2.203,65.829,400,333,2020-08-30,2020-08,-0.020,34.920
2000.000,2020-08-30 16:00:00,-0.753,1.000,34.917,3.000,2.203,65.829,400,333,2020-08-30,2020-08,-0.022,34.920
2000.000,2020-08-30 17:00:00,-0.752,1.000,34.917,3.000,2.203,65.829,400,333,2020-08-30,2020-08,-0.025,34.920
2000.000,2020-08-30 18:00:00,-0.752,1.000,34.917,3.000,2.203,65.829,400,333,2020-08-30,2020-08,-0.027,34.919
2000.000,2020-08-30 19:00:00,-0.753,1.000,34.916,3.000,2.203,65.829,400,333,2020-08-30,2020-08,-0.029,34.919
2000.000,2020-08-30 20:00:00,-0.755,1.000,34.917,3.000,2.203,65.829,400,333,2020-08-30,2020-08,-0.035,34.919
2000.000,2020-08-30 21:00:00,-0.755,1.000,34.918,3.000,2.203,65.829,400,333,2020-08-30,2020-08,-0.043,34.919
2000.000,2020-08-30 22:00:00,-0.756,1.000,34.916,3.000,2.203,65.829,400,333,2020-08-30,2020-08,-0.049,34.919
2000.000,2020-08-30 23:00:00,-0.757,1.000,34.917,3.000,2.203,65.829,400,333,2020-08-30,2020-08,-0.051,34.919
2000.000,2020-08-31 00:00:00,-0.757,1.000,34.917,3.000,2.203,65.829,400,333,2020-08-31,2020-08,-0.532,34.931
2000.000,2020-08-31 01:00:00,-0.758,1.000,34.917,3.000,2.203,65.829,400,333,2020-08-31,2020-08,-0.532,34.931
2000.000,2020-08-31 02:00:00,-0.762,1.000,34.917,3.000,2.203,65.829,400,333,2020-08-31,2020-08,-0.532,34.931
2000.000,2020-08-31 03:00:00,-0.764,1.000,34.915,3.000,2.203,65.829,400,333,2020-08-31,2020-08,-0.531,34.931
2000.000,2020-08-31 04:00:00,-0.772,1.000,34.919,3.000,2.203,65.829,400,333,2020-08-31,2020-08,-0.531,34.931
2000.000,2020-08-31 05:00:00,-0.775,1.000,34.917,3.000,2.203,65.829,400,333,2020-08-31,2020-08,-0.531,34.931
2000.000,2020-08-31 06:00:00,-0.781,1.000,34.917,3.000,2.203,65.829,400,333,2020-08-31,2020-08,-0.532,34.931
2000.000,2020-08-31 07:00:00,-0.779,1.000,34.917,3.000,2.203,65.829,400,333,2020-08-31,2020-08,-0.533,34.931
2000.000,2020-08-31 08:00:00,-0.778,1.000,34.917,3.000,2.203,65.829,400,333,2020-08-31,2020-08,-0.535,34.931
2000.000,2020-08-31 09:00:00,-0.777,1.000,34.917,3.000,2.203,65.829,400,333,2020-08-31,2020-08,-0.538,34.931
2000.000,2020-08-31 10:00:00,-0.777,1.000,34.917,3.000,2.203,65.829,400,333,2020-08-31,2020-08,-0.540,34.931
2000.000,2020-08-31 11:00:00,-0.779,1.000,34.917,3.000,2.203,65.829,400,333,2020-08-31,2020-08,-0.542,34.931
2000.000,2020-08-31 12:00:00,-0.779,1.000,34.917,3.000,2.203,65.829,400,333,2020-08-31,2020-08,-0.543,34.931
2000.000,2020-08-31 13:00:00,-0.774,1.000,34.915,3.000,2.203,65.829,400,333,2020-08-31,2020-08,-0.544,34.931
2000.000,2020-08-31 14:00:00,-0.777,1.000,34.918,3.000,2.203,65.829,400,333,2020-08-31,2020-08,-0.544,34.931
2000.000,2020-08-31 15:00:00,-0.774,1.000,34.918,3.000,2.203,65.829,400,333,2020-08-31,2020-08,-0.545,34.931
2000.000,2020-08-31 16:00:00,-0.768,1.000,34.918,3.000,2.203,65.829,400,333,2020-08-31,2020-08,-0.545,34.931
2000.000,2020-08-31 17:00:00,-0.771,1.000,34.915,3.000,2.203,65.829,400,333,2020-08-31,2020-08,-0.546,34.931
2000.000,2020-08-31 18:00:00,-0.763,1.000,34.917,3.000,2.203,65.829,400,333,2020-08-31,2020-08,-0.547,34.931
2000.000,2020-08-31 19:00:00,-0.770,1.000,34.916,3.000,2.203,65.829,400,333,2020-08-31,2020-08,-0.547,34.931
2000.000,2020-08-31 20:00:00,-0.770,1.000,34.917,3.000,2.203,65.829,400,333,2020-08-31,2020-08,-0.548,34.931
2000.000,2020-08-31 21:00:00,-0.769,1.000,34.917,3.000,2.203,65.829,400,333,2020-08-31,2020-08,-0.548,34.931
2000.000,2020-08-31 22:00:00,-0.767,1.000,34.917,3.000,2.203,65.829,400,333,2020-08-31,2020-08,-0.549,34.931
2000.000,2020-08-31 23:00:00,-0.763,1.000,34.917,3.000,2.203,65.829,400,333,2020-08-31,2020-08,-0.549,34.931
